model,split,version,true_score,predicted_score,count,row_percent
small512,selection,B0,1,1,45,40.17857142857143
small512,selection,B0,1,2,56,50.0
small512,selection,B0,1,3,11,9.821428571428571
small512,selection,B0,1,4,0,0.0
small512,selection,B0,1,5,0,0.0
small512,selection,B0,1,6,0,0.0
small512,selection,B0,2,1,15,3.5294117647058822
small512,selection,B0,2,2,305,71.76470588235294
small512,selection,B0,2,3,101,23.764705882352942
small512,selection,B0,2,4,4,0.9411764705882353
small512,selection,B0,2,5,0,0.0
small512,selection,B0,2,6,0,0.0
small512,selection,B0,3,1,0,0.0
small512,selection,B0,3,2,83,14.742451154529308
small512,selection,B0,3,3,407,72.29129662522203
small512,selection,B0,3,4,72,12.788632326820604
small512,selection,B0,3,5,1,0.17761989342806395
small512,selection,B0,3,6,0,0.0
small512,selection,B0,4,1,0,0.0
small512,selection,B0,4,2,2,0.5617977528089888
small512,selection,B0,4,3,103,28.93258426966292
small512,selection,B0,4,4,219,61.51685393258427
small512,selection,B0,4,5,32,8.98876404494382
small512,selection,B0,4,6,0,0.0
small512,selection,B0,5,1,0,0.0
small512,selection,B0,5,2,0,0.0
small512,selection,B0,5,3,4,4.545454545454546
small512,selection,B0,5,4,55,62.5
small512,selection,B0,5,5,29,32.95454545454545
small512,selection,B0,5,6,0,0.0
small512,selection,B0,6,1,0,0.0
small512,selection,B0,6,2,0,0.0
small512,selection,B0,6,3,0,0.0
small512,selection,B0,6,4,4,30.76923076923077
small512,selection,B0,6,5,9,69.23076923076923
small512,selection,B0,6,6,0,0.0
small512,selection,B1,1,1,73,65.17857142857143
small512,selection,B1,1,2,30,26.785714285714285
small512,selection,B1,1,3,9,8.035714285714286
small512,selection,B1,1,4,0,0.0
small512,selection,B1,1,5,0,0.0
small512,selection,B1,1,6,0,0.0
small512,selection,B1,2,1,60,14.117647058823529
small512,selection,B1,2,2,279,65.6470588235294
small512,selection,B1,2,3,82,19.294117647058822
small512,selection,B1,2,4,4,0.9411764705882353
small512,selection,B1,2,5,0,0.0
small512,selection,B1,2,6,0,0.0
small512,selection,B1,3,1,1,0.17761989342806395
small512,selection,B1,3,2,104,18.47246891651865
small512,selection,B1,3,3,367,65.18650088809947
small512,selection,B1,3,4,89,15.808170515097691
small512,selection,B1,3,5,1,0.17761989342806395
small512,selection,B1,3,6,1,0.17761989342806395
small512,selection,B1,4,1,0,0.0
small512,selection,B1,4,2,3,0.8426966292134831
small512,selection,B1,4,3,87,24.43820224719101
small512,selection,B1,4,4,219,61.51685393258427
small512,selection,B1,4,5,33,9.269662921348315
small512,selection,B1,4,6,14,3.932584269662921
small512,selection,B1,5,1,0,0.0
small512,selection,B1,5,2,0,0.0
small512,selection,B1,5,3,2,2.272727272727273
small512,selection,B1,5,4,49,55.68181818181818
small512,selection,B1,5,5,29,32.95454545454545
small512,selection,B1,5,6,8,9.090909090909092
small512,selection,B1,6,1,0,0.0
small512,selection,B1,6,2,0,0.0
small512,selection,B1,6,3,0,0.0
small512,selection,B1,6,4,3,23.076923076923077
small512,selection,B1,6,5,4,30.76923076923077
small512,selection,B1,6,6,6,46.15384615384615
small512,train,B0,1,1,342,43.401015228426395
small512,train,B0,1,2,425,53.934010152284266
small512,train,B0,1,3,18,2.284263959390863
small512,train,B0,1,4,3,0.38071065989847713
small512,train,B0,1,5,0,0.0
small512,train,B0,1,6,0,0.0
small512,train,B0,2,1,54,1.8157363819771353
small512,train,B0,2,2,2332,78.41291190316073
small512,train,B0,2,3,579,19.468728984532618
small512,train,B0,2,4,9,0.3026227303295225
small512,train,B0,2,5,0,0.0
small512,train,B0,2,6,0,0.0
small512,train,B0,3,1,1,0.025380710659898477
small512,train,B0,3,2,490,12.436548223350254
small512,train,B0,3,3,3013,76.47208121827411
small512,train,B0,3,4,432,10.964467005076141
small512,train,B0,3,5,4,0.10152284263959391
small512,train,B0,3,6,0,0.0
small512,train,B0,4,1,0,0.0
small512,train,B0,4,2,3,0.12024048096192384
small512,train,B0,4,3,703,28.17635270541082
small512,train,B0,4,4,1684,67.49498997995993
small512,train,B0,4,5,105,4.208416833667335
small512,train,B0,4,6,0,0.0
small512,train,B0,5,1,0,0.0
small512,train,B0,5,2,0,0.0
small512,train,B0,5,3,4,0.6525285481239804
small512,train,B0,5,4,303,49.42903752039152
small512,train,B0,5,5,304,49.59216965742251
small512,train,B0,5,6,2,0.3262642740619902
small512,train,B0,6,1,0,0.0
small512,train,B0,6,2,0,0.0
small512,train,B0,6,3,0,0.0
small512,train,B0,6,4,6,6.315789473684211
small512,train,B0,6,5,86,90.52631578947368
small512,train,B0,6,6,3,3.1578947368421053
small512,train,B1,1,1,586,74.36548223350253
small512,train,B1,1,2,184,23.3502538071066
small512,train,B1,1,3,14,1.7766497461928934
small512,train,B1,1,4,4,0.5076142131979695
small512,train,B1,1,5,0,0.0
small512,train,B1,1,6,0,0.0
small512,train,B1,2,1,416,13.98789509078682
small512,train,B1,2,2,2122,71.35171486213854
small512,train,B1,2,3,422,14.189643577673168
small512,train,B1,2,4,14,0.47074646940147946
small512,train,B1,2,5,0,0.0
small512,train,B1,2,6,0,0.0
small512,train,B1,3,1,8,0.20304568527918782
small512,train,B1,3,2,688,17.461928934010153
small512,train,B1,3,3,2687,68.19796954314721
small512,train,B1,3,4,550,13.959390862944163
small512,train,B1,3,5,7,0.17766497461928935
small512,train,B1,3,6,0,0.0
small512,train,B1,4,1,0,0.0
small512,train,B1,4,2,6,0.24048096192384769
small512,train,B1,4,3,535,21.442885771543086
small512,train,B1,4,4,1762,70.62124248496994
small512,train,B1,4,5,173,6.933867735470942
small512,train,B1,4,6,19,0.7615230460921844
small512,train,B1,5,1,0,0.0
small512,train,B1,5,2,0,0.0
small512,train,B1,5,3,3,0.4893964110929853
small512,train,B1,5,4,245,39.9673735725938
small512,train,B1,5,5,240,39.151712887438826
small512,train,B1,5,6,125,20.391517128874387
small512,train,B1,6,1,0,0.0
small512,train,B1,6,2,0,0.0
small512,train,B1,6,3,0,0.0
small512,train,B1,6,4,4,4.2105263157894735
small512,train,B1,6,5,26,27.36842105263158
small512,train,B1,6,6,65,68.42105263157895
base512,selection,B0,1,1,50,44.642857142857146
base512,selection,B0,1,2,54,48.214285714285715
base512,selection,B0,1,3,7,6.25
base512,selection,B0,1,4,1,0.8928571428571429
base512,selection,B0,1,5,0,0.0
base512,selection,B0,1,6,0,0.0
base512,selection,B0,2,1,19,4.470588235294118
base512,selection,B0,2,2,295,69.41176470588235
base512,selection,B0,2,3,108,25.41176470588235
base512,selection,B0,2,4,3,0.7058823529411765
base512,selection,B0,2,5,0,0.0
base512,selection,B0,2,6,0,0.0
base512,selection,B0,3,1,1,0.17761989342806395
base512,selection,B0,3,2,52,9.236234458259325
base512,selection,B0,3,3,392,69.62699822380107
base512,selection,B0,3,4,107,19.00532859680284
base512,selection,B0,3,5,11,1.9538188277087034
base512,selection,B0,3,6,0,0.0
base512,selection,B0,4,1,0,0.0
base512,selection,B0,4,2,0,0.0
base512,selection,B0,4,3,62,17.415730337078653
base512,selection,B0,4,4,216,60.674157303370784
base512,selection,B0,4,5,75,21.06741573033708
base512,selection,B0,4,6,3,0.8426966292134831
base512,selection,B0,5,1,0,0.0
base512,selection,B0,5,2,0,0.0
base512,selection,B0,5,3,1,1.1363636363636365
base512,selection,B0,5,4,35,39.77272727272727
base512,selection,B0,5,5,44,50.0
base512,selection,B0,5,6,8,9.090909090909092
base512,selection,B0,6,1,0,0.0
base512,selection,B0,6,2,0,0.0
base512,selection,B0,6,3,0,0.0
base512,selection,B0,6,4,0,0.0
base512,selection,B0,6,5,8,61.53846153846154
base512,selection,B0,6,6,5,38.46153846153846
base512,selection,B1,1,1,80,71.42857142857143
base512,selection,B1,1,2,25,22.321428571428573
base512,selection,B1,1,3,7,6.25
base512,selection,B1,1,4,0,0.0
base512,selection,B1,1,5,0,0.0
base512,selection,B1,1,6,0,0.0
base512,selection,B1,2,1,64,15.058823529411764
base512,selection,B1,2,2,272,64.0
base512,selection,B1,2,3,87,20.470588235294116
base512,selection,B1,2,4,2,0.47058823529411764
base512,selection,B1,2,5,0,0.0
base512,selection,B1,2,6,0,0.0
base512,selection,B1,3,1,2,0.3552397868561279
base512,selection,B1,3,2,88,15.630550621669627
base512,selection,B1,3,3,400,71.04795737122558
base512,selection,B1,3,4,61,10.8348134991119
base512,selection,B1,3,5,12,2.1314387211367674
base512,selection,B1,3,6,0,0.0
base512,selection,B1,4,1,0,0.0
base512,selection,B1,4,2,0,0.0
base512,selection,B1,4,3,112,31.46067415730337
base512,selection,B1,4,4,158,44.38202247191011
base512,selection,B1,4,5,84,23.59550561797753
base512,selection,B1,4,6,2,0.5617977528089888
base512,selection,B1,5,1,0,0.0
base512,selection,B1,5,2,0,0.0
base512,selection,B1,5,3,2,2.272727272727273
base512,selection,B1,5,4,28,31.818181818181817
base512,selection,B1,5,5,55,62.5
base512,selection,B1,5,6,3,3.409090909090909
base512,selection,B1,6,1,0,0.0
base512,selection,B1,6,2,0,0.0
base512,selection,B1,6,3,0,0.0
base512,selection,B1,6,4,0,0.0
base512,selection,B1,6,5,11,84.61538461538461
base512,selection,B1,6,6,2,15.384615384615385
base512,train,B0,1,1,572,72.58883248730965
base512,train,B0,1,2,212,26.903553299492387
base512,train,B0,1,3,4,0.5076142131979695
base512,train,B0,1,4,0,0.0
base512,train,B0,1,5,0,0.0
base512,train,B0,1,6,0,0.0
base512,train,B0,2,1,26,0.8742434431741762
base512,train,B0,2,2,2459,82.68325487558843
base512,train,B0,2,3,486,16.341627437794216
base512,train,B0,2,4,3,0.10087424344317418
base512,train,B0,2,5,0,0.0
base512,train,B0,2,6,0,0.0
base512,train,B0,3,1,1,0.025380710659898477
base512,train,B0,3,2,164,4.16243654822335
base512,train,B0,3,3,3199,81.19289340101523
base512,train,B0,3,4,572,14.51776649746193
base512,train,B0,3,5,4,0.10152284263959391
base512,train,B0,3,6,0,0.0
base512,train,B0,4,1,0,0.0
base512,train,B0,4,2,0,0.0
base512,train,B0,4,3,156,6.25250501002004
base512,train,B0,4,4,1968,78.87775551102204
base512,train,B0,4,5,371,14.869739478957916
base512,train,B0,4,6,0,0.0
base512,train,B0,5,1,0,0.0
base512,train,B0,5,2,0,0.0
base512,train,B0,5,3,0,0.0
base512,train,B0,5,4,43,7.014681892332789
base512,train,B0,5,5,492,80.2610114192496
base512,train,B0,5,6,78,12.724306688417618
base512,train,B0,6,1,0,0.0
base512,train,B0,6,2,0,0.0
base512,train,B0,6,3,0,0.0
base512,train,B0,6,4,1,1.0526315789473684
base512,train,B0,6,5,11,11.578947368421053
base512,train,B0,6,6,83,87.36842105263158
base512,train,B1,1,1,736,93.4010152284264
base512,train,B1,1,2,48,6.091370558375634
base512,train,B1,1,3,4,0.5076142131979695
base512,train,B1,1,4,0,0.0
base512,train,B1,1,5,0,0.0
base512,train,B1,1,6,0,0.0
base512,train,B1,2,1,351,11.802286482851379
base512,train,B1,2,2,2338,78.61466039004708
base512,train,B1,2,3,284,9.549428379287155
base512,train,B1,2,4,1,0.03362474781439139
base512,train,B1,2,5,0,0.0
base512,train,B1,2,6,0,0.0
base512,train,B1,3,1,4,0.10152284263959391
base512,train,B1,3,2,372,9.441624365482234
base512,train,B1,3,3,3354,85.1269035532995
base512,train,B1,3,4,206,5.228426395939087
base512,train,B1,3,5,4,0.10152284263959391
base512,train,B1,3,6,0,0.0
base512,train,B1,4,1,0,0.0
base512,train,B1,4,2,0,0.0
base512,train,B1,4,3,444,17.795591182364728
base512,train,B1,4,4,1628,65.25050100200401
base512,train,B1,4,5,423,16.95390781563126
base512,train,B1,4,6,0,0.0
base512,train,B1,5,1,0,0.0
base512,train,B1,5,2,0,0.0
base512,train,B1,5,3,1,0.1631321370309951
base512,train,B1,5,4,38,6.199021207177814
base512,train,B1,5,5,539,87.92822185970637
base512,train,B1,5,6,35,5.709624796084829
base512,train,B1,6,1,0,0.0
base512,train,B1,6,2,0,0.0
base512,train,B1,6,3,0,0.0
base512,train,B1,6,4,1,1.0526315789473684
base512,train,B1,6,5,35,36.8421052631579
base512,train,B1,6,6,59,62.10526315789474
base2048,selection,B0,1,1,70,62.5
base2048,selection,B0,1,2,37,33.035714285714285
base2048,selection,B0,1,3,5,4.464285714285714
base2048,selection,B0,1,4,0,0.0
base2048,selection,B0,1,5,0,0.0
base2048,selection,B0,1,6,0,0.0
base2048,selection,B0,2,1,41,9.647058823529411
base2048,selection,B0,2,2,306,72.0
base2048,selection,B0,2,3,75,17.647058823529413
base2048,selection,B0,2,4,3,0.7058823529411765
base2048,selection,B0,2,5,0,0.0
base2048,selection,B0,2,6,0,0.0
base2048,selection,B0,3,1,1,0.17761989342806395
base2048,selection,B0,3,2,97,17.2291296625222
base2048,selection,B0,3,3,383,68.0284191829485
base2048,selection,B0,3,4,79,14.031971580817052
base2048,selection,B0,3,5,3,0.5328596802841918
base2048,selection,B0,3,6,0,0.0
base2048,selection,B0,4,1,0,0.0
base2048,selection,B0,4,2,3,0.8426966292134831
base2048,selection,B0,4,3,90,25.280898876404493
base2048,selection,B0,4,4,224,62.92134831460674
base2048,selection,B0,4,5,39,10.955056179775282
base2048,selection,B0,4,6,0,0.0
base2048,selection,B0,5,1,0,0.0
base2048,selection,B0,5,2,0,0.0
base2048,selection,B0,5,3,2,2.272727272727273
base2048,selection,B0,5,4,28,31.818181818181817
base2048,selection,B0,5,5,56,63.63636363636363
base2048,selection,B0,5,6,2,2.272727272727273
base2048,selection,B0,6,1,0,0.0
base2048,selection,B0,6,2,0,0.0
base2048,selection,B0,6,3,0,0.0
base2048,selection,B0,6,4,0,0.0
base2048,selection,B0,6,5,8,61.53846153846154
base2048,selection,B0,6,6,5,38.46153846153846
base2048,selection,B1,1,1,81,72.32142857142857
base2048,selection,B1,1,2,27,24.107142857142858
base2048,selection,B1,1,3,4,3.5714285714285716
base2048,selection,B1,1,4,0,0.0
base2048,selection,B1,1,5,0,0.0
base2048,selection,B1,1,6,0,0.0
base2048,selection,B1,2,1,77,18.11764705882353
base2048,selection,B1,2,2,274,64.47058823529412
base2048,selection,B1,2,3,71,16.705882352941178
base2048,selection,B1,2,4,3,0.7058823529411765
base2048,selection,B1,2,5,0,0.0
base2048,selection,B1,2,6,0,0.0
base2048,selection,B1,3,1,4,0.7104795737122558
base2048,selection,B1,3,2,106,18.82770870337478
base2048,selection,B1,3,3,372,66.07460035523978
base2048,selection,B1,3,4,78,13.854351687388988
base2048,selection,B1,3,5,3,0.5328596802841918
base2048,selection,B1,3,6,0,0.0
base2048,selection,B1,4,1,0,0.0
base2048,selection,B1,4,2,3,0.8426966292134831
base2048,selection,B1,4,3,91,25.56179775280899
base2048,selection,B1,4,4,223,62.640449438202246
base2048,selection,B1,4,5,39,10.955056179775282
base2048,selection,B1,4,6,0,0.0
base2048,selection,B1,5,1,0,0.0
base2048,selection,B1,5,2,0,0.0
base2048,selection,B1,5,3,2,2.272727272727273
base2048,selection,B1,5,4,28,31.818181818181817
base2048,selection,B1,5,5,45,51.13636363636363
base2048,selection,B1,5,6,13,14.772727272727273
base2048,selection,B1,6,1,0,0.0
base2048,selection,B1,6,2,0,0.0
base2048,selection,B1,6,3,0,0.0
base2048,selection,B1,6,4,0,0.0
base2048,selection,B1,6,5,6,46.15384615384615
base2048,selection,B1,6,6,7,53.84615384615385
base2048,train,B0,1,1,709,89.9746192893401
base2048,train,B0,1,2,79,10.025380710659899
base2048,train,B0,1,3,0,0.0
base2048,train,B0,1,4,0,0.0
base2048,train,B0,1,5,0,0.0
base2048,train,B0,1,6,0,0.0
base2048,train,B0,2,1,94,3.160726294552791
base2048,train,B0,2,2,2665,89.60995292535306
base2048,train,B0,2,3,213,7.162071284465367
base2048,train,B0,2,4,2,0.06724949562878278
base2048,train,B0,2,5,0,0.0
base2048,train,B0,2,6,0,0.0
base2048,train,B0,3,1,0,0.0
base2048,train,B0,3,2,313,7.944162436548224
base2048,train,B0,3,3,3308,83.95939086294416
base2048,train,B0,3,4,317,8.045685279187817
base2048,train,B0,3,5,1,0.025380710659898477
base2048,train,B0,3,6,1,0.025380710659898477
base2048,train,B0,4,1,0,0.0
base2048,train,B0,4,2,1,0.04008016032064128
base2048,train,B0,4,3,279,11.182364729458918
base2048,train,B0,4,4,2069,82.92585170340682
base2048,train,B0,4,5,146,5.851703406813627
base2048,train,B0,4,6,0,0.0
base2048,train,B0,5,1,0,0.0
base2048,train,B0,5,2,0,0.0
base2048,train,B0,5,3,2,0.3262642740619902
base2048,train,B0,5,4,87,14.192495921696574
base2048,train,B0,5,5,509,83.03425774877651
base2048,train,B0,5,6,15,2.4469820554649266
base2048,train,B0,6,1,0,0.0
base2048,train,B0,6,2,0,0.0
base2048,train,B0,6,3,0,0.0
base2048,train,B0,6,4,0,0.0
base2048,train,B0,6,5,31,32.63157894736842
base2048,train,B0,6,6,64,67.36842105263158
base2048,train,B1,1,1,762,96.7005076142132
base2048,train,B1,1,2,26,3.299492385786802
base2048,train,B1,1,3,0,0.0
base2048,train,B1,1,4,0,0.0
base2048,train,B1,1,5,0,0.0
base2048,train,B1,1,6,0,0.0
base2048,train,B1,2,1,433,14.559515803631474
base2048,train,B1,2,2,2358,79.2871553463349
base2048,train,B1,2,3,181,6.086079354404842
base2048,train,B1,2,4,2,0.06724949562878278
base2048,train,B1,2,5,0,0.0
base2048,train,B1,2,6,0,0.0
base2048,train,B1,3,1,2,0.050761421319796954
base2048,train,B1,3,2,367,9.314720812182742
base2048,train,B1,3,3,3281,83.2741116751269
base2048,train,B1,3,4,288,7.309644670050761
base2048,train,B1,3,5,1,0.025380710659898477
base2048,train,B1,3,6,1,0.025380710659898477
base2048,train,B1,4,1,0,0.0
base2048,train,B1,4,2,1,0.04008016032064128
base2048,train,B1,4,3,299,11.983967935871744
base2048,train,B1,4,4,2049,82.12424849699399
base2048,train,B1,4,5,144,5.771543086172345
base2048,train,B1,4,6,2,0.08016032064128256
base2048,train,B1,5,1,0,0.0
base2048,train,B1,5,2,0,0.0
base2048,train,B1,5,3,2,0.3262642740619902
base2048,train,B1,5,4,87,14.192495921696574
base2048,train,B1,5,5,459,74.87765089722676
base2048,train,B1,5,6,65,10.603588907014682
base2048,train,B1,6,1,0,0.0
base2048,train,B1,6,2,0,0.0
base2048,train,B1,6,3,0,0.0
base2048,train,B1,6,4,0,0.0
base2048,train,B1,6,5,16,16.842105263157894
base2048,train,B1,6,6,79,83.15789473684211
small1024_baseline,selection,B0,1,1,58,51.785714285714285
small1024_baseline,selection,B0,1,2,46,41.07142857142857
small1024_baseline,selection,B0,1,3,8,7.142857142857143
small1024_baseline,selection,B0,1,4,0,0.0
small1024_baseline,selection,B0,1,5,0,0.0
small1024_baseline,selection,B0,1,6,0,0.0
small1024_baseline,selection,B0,2,1,25,5.882352941176471
small1024_baseline,selection,B0,2,2,293,68.94117647058823
small1024_baseline,selection,B0,2,3,102,24.0
small1024_baseline,selection,B0,2,4,4,0.9411764705882353
small1024_baseline,selection,B0,2,5,1,0.23529411764705882
small1024_baseline,selection,B0,2,6,0,0.0
small1024_baseline,selection,B0,3,1,2,0.3552397868561279
small1024_baseline,selection,B0,3,2,92,16.341030195381883
small1024_baseline,selection,B0,3,3,364,64.65364120781527
small1024_baseline,selection,B0,3,4,103,18.294849023090585
small1024_baseline,selection,B0,3,5,2,0.3552397868561279
small1024_baseline,selection,B0,3,6,0,0.0
small1024_baseline,selection,B0,4,1,0,0.0
small1024_baseline,selection,B0,4,2,2,0.5617977528089888
small1024_baseline,selection,B0,4,3,78,21.910112359550563
small1024_baseline,selection,B0,4,4,217,60.95505617977528
small1024_baseline,selection,B0,4,5,59,16.573033707865168
small1024_baseline,selection,B0,4,6,0,0.0
small1024_baseline,selection,B0,5,1,0,0.0
small1024_baseline,selection,B0,5,2,0,0.0
small1024_baseline,selection,B0,5,3,1,1.1363636363636365
small1024_baseline,selection,B0,5,4,26,29.545454545454547
small1024_baseline,selection,B0,5,5,54,61.36363636363637
small1024_baseline,selection,B0,5,6,7,7.954545454545454
small1024_baseline,selection,B0,6,1,0,0.0
small1024_baseline,selection,B0,6,2,0,0.0
small1024_baseline,selection,B0,6,3,0,0.0
small1024_baseline,selection,B0,6,4,0,0.0
small1024_baseline,selection,B0,6,5,4,30.76923076923077
small1024_baseline,selection,B0,6,6,9,69.23076923076923
small1024_baseline,selection,B1,1,1,76,67.85714285714286
small1024_baseline,selection,B1,1,2,29,25.892857142857142
small1024_baseline,selection,B1,1,3,7,6.25
small1024_baseline,selection,B1,1,4,0,0.0
small1024_baseline,selection,B1,1,5,0,0.0
small1024_baseline,selection,B1,1,6,0,0.0
small1024_baseline,selection,B1,2,1,76,17.88235294117647
small1024_baseline,selection,B1,2,2,254,59.76470588235294
small1024_baseline,selection,B1,2,3,91,21.41176470588235
small1024_baseline,selection,B1,2,4,3,0.7058823529411765
small1024_baseline,selection,B1,2,5,1,0.23529411764705882
small1024_baseline,selection,B1,2,6,0,0.0
small1024_baseline,selection,B1,3,1,4,0.7104795737122558
small1024_baseline,selection,B1,3,2,99,17.58436944937833
small1024_baseline,selection,B1,3,3,377,66.9626998223801
small1024_baseline,selection,B1,3,4,81,14.38721136767318
small1024_baseline,selection,B1,3,5,2,0.3552397868561279
small1024_baseline,selection,B1,3,6,0,0.0
small1024_baseline,selection,B1,4,1,0,0.0
small1024_baseline,selection,B1,4,2,2,0.5617977528089888
small1024_baseline,selection,B1,4,3,99,27.808988764044944
small1024_baseline,selection,B1,4,4,205,57.58426966292135
small1024_baseline,selection,B1,4,5,49,13.764044943820224
small1024_baseline,selection,B1,4,6,1,0.2808988764044944
small1024_baseline,selection,B1,5,1,0,0.0
small1024_baseline,selection,B1,5,2,0,0.0
small1024_baseline,selection,B1,5,3,1,1.1363636363636365
small1024_baseline,selection,B1,5,4,29,32.95454545454545
small1024_baseline,selection,B1,5,5,48,54.54545454545455
small1024_baseline,selection,B1,5,6,10,11.363636363636363
small1024_baseline,selection,B1,6,1,0,0.0
small1024_baseline,selection,B1,6,2,0,0.0
small1024_baseline,selection,B1,6,3,0,0.0
small1024_baseline,selection,B1,6,4,0,0.0
small1024_baseline,selection,B1,6,5,4,30.76923076923077
small1024_baseline,selection,B1,6,6,9,69.23076923076923
small1024_baseline,train,B0,1,1,613,77.79187817258884
small1024_baseline,train,B0,1,2,172,21.82741116751269
small1024_baseline,train,B0,1,3,3,0.38071065989847713
small1024_baseline,train,B0,1,4,0,0.0
small1024_baseline,train,B0,1,5,0,0.0
small1024_baseline,train,B0,1,6,0,0.0
small1024_baseline,train,B0,2,1,45,1.5131136516476127
small1024_baseline,train,B0,2,2,2571,86.44922663080027
small1024_baseline,train,B0,2,3,353,11.869535978480162
small1024_baseline,train,B0,2,4,5,0.16812373907195696
small1024_baseline,train,B0,2,5,0,0.0
small1024_baseline,train,B0,2,6,0,0.0
small1024_baseline,train,B0,3,1,0,0.0
small1024_baseline,train,B0,3,2,266,6.751269035532995
small1024_baseline,train,B0,3,3,3207,81.39593908629442
small1024_baseline,train,B0,3,4,461,11.700507614213198
small1024_baseline,train,B0,3,5,6,0.15228426395939088
small1024_baseline,train,B0,3,6,0,0.0
small1024_baseline,train,B0,4,1,0,0.0
small1024_baseline,train,B0,4,2,0,0.0
small1024_baseline,train,B0,4,3,212,8.496993987975952
small1024_baseline,train,B0,4,4,2085,83.56713426853707
small1024_baseline,train,B0,4,5,197,7.895791583166333
small1024_baseline,train,B0,4,6,1,0.04008016032064128
small1024_baseline,train,B0,5,1,0,0.0
small1024_baseline,train,B0,5,2,0,0.0
small1024_baseline,train,B0,5,3,0,0.0
small1024_baseline,train,B0,5,4,81,13.213703099510603
small1024_baseline,train,B0,5,5,510,83.19738988580751
small1024_baseline,train,B0,5,6,22,3.5889070146818924
small1024_baseline,train,B0,6,1,0,0.0
small1024_baseline,train,B0,6,2,0,0.0
small1024_baseline,train,B0,6,3,0,0.0
small1024_baseline,train,B0,6,4,0,0.0
small1024_baseline,train,B0,6,5,20,21.05263157894737
small1024_baseline,train,B0,6,6,75,78.94736842105263
small1024_baseline,train,B1,1,1,740,93.90862944162437
small1024_baseline,train,B1,1,2,46,5.83756345177665
small1024_baseline,train,B1,1,3,2,0.25380710659898476
small1024_baseline,train,B1,1,4,0,0.0
small1024_baseline,train,B1,1,5,0,0.0
small1024_baseline,train,B1,1,6,0,0.0
small1024_baseline,train,B1,2,1,361,12.138533960995293
small1024_baseline,train,B1,2,2,2311,77.70679219905851
small1024_baseline,train,B1,2,3,299,10.053799596503026
small1024_baseline,train,B1,2,4,3,0.10087424344317418
small1024_baseline,train,B1,2,5,0,0.0
small1024_baseline,train,B1,2,6,0,0.0
small1024_baseline,train,B1,3,1,4,0.10152284263959391
small1024_baseline,train,B1,3,2,325,8.248730964467006
small1024_baseline,train,B1,3,3,3310,84.01015228426395
small1024_baseline,train,B1,3,4,296,7.5126903553299496
small1024_baseline,train,B1,3,5,5,0.12690355329949238
small1024_baseline,train,B1,3,6,0,0.0
small1024_baseline,train,B1,4,1,0,0.0
small1024_baseline,train,B1,4,2,0,0.0
small1024_baseline,train,B1,4,3,344,13.7875751503006
small1024_baseline,train,B1,4,4,1987,79.63927855711422
small1024_baseline,train,B1,4,5,162,6.492985971943888
small1024_baseline,train,B1,4,6,2,0.08016032064128256
small1024_baseline,train,B1,5,1,0,0.0
small1024_baseline,train,B1,5,2,0,0.0
small1024_baseline,train,B1,5,3,0,0.0
small1024_baseline,train,B1,5,4,91,14.845024469820554
small1024_baseline,train,B1,5,5,484,78.95595432300163
small1024_baseline,train,B1,5,6,38,6.199021207177814
small1024_baseline,train,B1,6,1,0,0.0
small1024_baseline,train,B1,6,2,0,0.0
small1024_baseline,train,B1,6,3,0,0.0
small1024_baseline,train,B1,6,4,0,0.0
small1024_baseline,train,B1,6,5,15,15.789473684210526
small1024_baseline,train,B1,6,6,80,84.21052631578948
small1024_frozen_mean,selection,B0,1,1,62,55.357142857142854
small1024_frozen_mean,selection,B0,1,2,46,41.07142857142857
small1024_frozen_mean,selection,B0,1,3,4,3.5714285714285716
small1024_frozen_mean,selection,B0,1,4,0,0.0
small1024_frozen_mean,selection,B0,1,5,0,0.0
small1024_frozen_mean,selection,B0,1,6,0,0.0
small1024_frozen_mean,selection,B0,2,1,26,6.117647058823529
small1024_frozen_mean,selection,B0,2,2,306,72.0
small1024_frozen_mean,selection,B0,2,3,89,20.941176470588236
small1024_frozen_mean,selection,B0,2,4,4,0.9411764705882353
small1024_frozen_mean,selection,B0,2,5,0,0.0
small1024_frozen_mean,selection,B0,2,6,0,0.0
small1024_frozen_mean,selection,B0,3,1,2,0.3552397868561279
small1024_frozen_mean,selection,B0,3,2,101,17.939609236234457
small1024_frozen_mean,selection,B0,3,3,377,66.9626998223801
small1024_frozen_mean,selection,B0,3,4,82,14.564831261101244
small1024_frozen_mean,selection,B0,3,5,1,0.17761989342806395
small1024_frozen_mean,selection,B0,3,6,0,0.0
small1024_frozen_mean,selection,B0,4,1,0,0.0
small1024_frozen_mean,selection,B0,4,2,3,0.8426966292134831
small1024_frozen_mean,selection,B0,4,3,98,27.528089887640448
small1024_frozen_mean,selection,B0,4,4,215,60.39325842696629
small1024_frozen_mean,selection,B0,4,5,40,11.235955056179776
small1024_frozen_mean,selection,B0,4,6,0,0.0
small1024_frozen_mean,selection,B0,5,1,0,0.0
small1024_frozen_mean,selection,B0,5,2,0,0.0
small1024_frozen_mean,selection,B0,5,3,2,2.272727272727273
small1024_frozen_mean,selection,B0,5,4,38,43.18181818181818
small1024_frozen_mean,selection,B0,5,5,44,50.0
small1024_frozen_mean,selection,B0,5,6,4,4.545454545454546
small1024_frozen_mean,selection,B0,6,1,0,0.0
small1024_frozen_mean,selection,B0,6,2,0,0.0
small1024_frozen_mean,selection,B0,6,3,0,0.0
small1024_frozen_mean,selection,B0,6,4,0,0.0
small1024_frozen_mean,selection,B0,6,5,7,53.84615384615385
small1024_frozen_mean,selection,B0,6,6,6,46.15384615384615
small1024_frozen_mean,selection,B1,1,1,76,67.85714285714286
small1024_frozen_mean,selection,B1,1,2,31,27.678571428571427
small1024_frozen_mean,selection,B1,1,3,5,4.464285714285714
small1024_frozen_mean,selection,B1,1,4,0,0.0
small1024_frozen_mean,selection,B1,1,5,0,0.0
small1024_frozen_mean,selection,B1,1,6,0,0.0
small1024_frozen_mean,selection,B1,2,1,64,15.058823529411764
small1024_frozen_mean,selection,B1,2,2,260,61.1764705882353
small1024_frozen_mean,selection,B1,2,3,96,22.58823529411765
small1024_frozen_mean,selection,B1,2,4,5,1.1764705882352942
small1024_frozen_mean,selection,B1,2,5,0,0.0
small1024_frozen_mean,selection,B1,2,6,0,0.0
small1024_frozen_mean,selection,B1,3,1,2,0.3552397868561279
small1024_frozen_mean,selection,B1,3,2,96,17.05150976909414
small1024_frozen_mean,selection,B1,3,3,380,67.49555950266429
small1024_frozen_mean,selection,B1,3,4,83,14.742451154529308
small1024_frozen_mean,selection,B1,3,5,2,0.3552397868561279
small1024_frozen_mean,selection,B1,3,6,0,0.0
small1024_frozen_mean,selection,B1,4,1,0,0.0
small1024_frozen_mean,selection,B1,4,2,3,0.8426966292134831
small1024_frozen_mean,selection,B1,4,3,95,26.685393258426966
small1024_frozen_mean,selection,B1,4,4,211,59.26966292134831
small1024_frozen_mean,selection,B1,4,5,46,12.92134831460674
small1024_frozen_mean,selection,B1,4,6,1,0.2808988764044944
small1024_frozen_mean,selection,B1,5,1,0,0.0
small1024_frozen_mean,selection,B1,5,2,0,0.0
small1024_frozen_mean,selection,B1,5,3,2,2.272727272727273
small1024_frozen_mean,selection,B1,5,4,32,36.36363636363637
small1024_frozen_mean,selection,B1,5,5,42,47.72727272727273
small1024_frozen_mean,selection,B1,5,6,12,13.636363636363637
small1024_frozen_mean,selection,B1,6,1,0,0.0
small1024_frozen_mean,selection,B1,6,2,0,0.0
small1024_frozen_mean,selection,B1,6,3,0,0.0
small1024_frozen_mean,selection,B1,6,4,0,0.0
small1024_frozen_mean,selection,B1,6,5,4,30.76923076923077
small1024_frozen_mean,selection,B1,6,6,9,69.23076923076923
small1024_frozen_mean,train,B0,1,1,650,82.48730964467005
small1024_frozen_mean,train,B0,1,2,136,17.258883248730964
small1024_frozen_mean,train,B0,1,3,2,0.25380710659898476
small1024_frozen_mean,train,B0,1,4,0,0.0
small1024_frozen_mean,train,B0,1,5,0,0.0
small1024_frozen_mean,train,B0,1,6,0,0.0
small1024_frozen_mean,train,B0,2,1,51,1.714862138533961
small1024_frozen_mean,train,B0,2,2,2649,89.0719569603228
small1024_frozen_mean,train,B0,2,3,272,9.145931405514458
small1024_frozen_mean,train,B0,2,4,2,0.06724949562878278
small1024_frozen_mean,train,B0,2,5,0,0.0
small1024_frozen_mean,train,B0,2,6,0,0.0
small1024_frozen_mean,train,B0,3,1,0,0.0
small1024_frozen_mean,train,B0,3,2,281,7.131979695431472
small1024_frozen_mean,train,B0,3,3,3396,86.19289340101523
small1024_frozen_mean,train,B0,3,4,261,6.624365482233503
small1024_frozen_mean,train,B0,3,5,2,0.050761421319796954
small1024_frozen_mean,train,B0,3,6,0,0.0
small1024_frozen_mean,train,B0,4,1,0,0.0
small1024_frozen_mean,train,B0,4,2,1,0.04008016032064128
small1024_frozen_mean,train,B0,4,3,308,12.344689378757515
small1024_frozen_mean,train,B0,4,4,2102,84.24849699398797
small1024_frozen_mean,train,B0,4,5,84,3.3667334669338675
small1024_frozen_mean,train,B0,4,6,0,0.0
small1024_frozen_mean,train,B0,5,1,0,0.0
small1024_frozen_mean,train,B0,5,2,0,0.0
small1024_frozen_mean,train,B0,5,3,0,0.0
small1024_frozen_mean,train,B0,5,4,127,20.717781402936378
small1024_frozen_mean,train,B0,5,5,481,78.46655791190865
small1024_frozen_mean,train,B0,5,6,5,0.8156606851549756
small1024_frozen_mean,train,B0,6,1,0,0.0
small1024_frozen_mean,train,B0,6,2,0,0.0
small1024_frozen_mean,train,B0,6,3,0,0.0
small1024_frozen_mean,train,B0,6,4,0,0.0
small1024_frozen_mean,train,B0,6,5,28,29.473684210526315
small1024_frozen_mean,train,B0,6,6,67,70.52631578947368
small1024_frozen_mean,train,B1,1,1,738,93.65482233502539
small1024_frozen_mean,train,B1,1,2,48,6.091370558375634
small1024_frozen_mean,train,B1,1,3,2,0.25380710659898476
small1024_frozen_mean,train,B1,1,4,0,0.0
small1024_frozen_mean,train,B1,1,5,0,0.0
small1024_frozen_mean,train,B1,1,6,0,0.0
small1024_frozen_mean,train,B1,2,1,262,8.809683927370545
small1024_frozen_mean,train,B1,2,2,2409,81.00201748486886
small1024_frozen_mean,train,B1,2,3,301,10.121049092131809
small1024_frozen_mean,train,B1,2,4,2,0.06724949562878278
small1024_frozen_mean,train,B1,2,5,0,0.0
small1024_frozen_mean,train,B1,2,6,0,0.0
small1024_frozen_mean,train,B1,3,1,3,0.07614213197969544
small1024_frozen_mean,train,B1,3,2,252,6.395939086294416
small1024_frozen_mean,train,B1,3,3,3400,86.29441624365482
small1024_frozen_mean,train,B1,3,4,282,7.157360406091371
small1024_frozen_mean,train,B1,3,5,3,0.07614213197969544
small1024_frozen_mean,train,B1,3,6,0,0.0
small1024_frozen_mean,train,B1,4,1,0,0.0
small1024_frozen_mean,train,B1,4,2,1,0.04008016032064128
small1024_frozen_mean,train,B1,4,3,280,11.22244488977956
small1024_frozen_mean,train,B1,4,4,2097,84.04809619238478
small1024_frozen_mean,train,B1,4,5,116,4.649298597194389
small1024_frozen_mean,train,B1,4,6,1,0.04008016032064128
small1024_frozen_mean,train,B1,5,1,0,0.0
small1024_frozen_mean,train,B1,5,2,0,0.0
small1024_frozen_mean,train,B1,5,3,0,0.0
small1024_frozen_mean,train,B1,5,4,102,16.6394779771615
small1024_frozen_mean,train,B1,5,5,465,75.85644371941272
small1024_frozen_mean,train,B1,5,6,46,7.504078303425775
small1024_frozen_mean,train,B1,6,1,0,0.0
small1024_frozen_mean,train,B1,6,2,0,0.0
small1024_frozen_mean,train,B1,6,3,0,0.0
small1024_frozen_mean,train,B1,6,4,0,0.0
small1024_frozen_mean,train,B1,6,5,9,9.473684210526315
small1024_frozen_mean,train,B1,6,6,86,90.52631578947368
small1024_frozen_attention,selection,B0,1,1,59,52.67857142857143
small1024_frozen_attention,selection,B0,1,2,47,41.964285714285715
small1024_frozen_attention,selection,B0,1,3,6,5.357142857142857
small1024_frozen_attention,selection,B0,1,4,0,0.0
small1024_frozen_attention,selection,B0,1,5,0,0.0
small1024_frozen_attention,selection,B0,1,6,0,0.0
small1024_frozen_attention,selection,B0,2,1,25,5.882352941176471
small1024_frozen_attention,selection,B0,2,2,299,70.3529411764706
small1024_frozen_attention,selection,B0,2,3,95,22.352941176470587
small1024_frozen_attention,selection,B0,2,4,6,1.411764705882353
small1024_frozen_attention,selection,B0,2,5,0,0.0
small1024_frozen_attention,selection,B0,2,6,0,0.0
small1024_frozen_attention,selection,B0,3,1,2,0.3552397868561279
small1024_frozen_attention,selection,B0,3,2,89,15.808170515097691
small1024_frozen_attention,selection,B0,3,3,385,68.38365896980461
small1024_frozen_attention,selection,B0,3,4,86,15.2753108348135
small1024_frozen_attention,selection,B0,3,5,1,0.17761989342806395
small1024_frozen_attention,selection,B0,3,6,0,0.0
small1024_frozen_attention,selection,B0,4,1,0,0.0
small1024_frozen_attention,selection,B0,4,2,3,0.8426966292134831
small1024_frozen_attention,selection,B0,4,3,90,25.280898876404493
small1024_frozen_attention,selection,B0,4,4,222,62.359550561797754
small1024_frozen_attention,selection,B0,4,5,41,11.51685393258427
small1024_frozen_attention,selection,B0,4,6,0,0.0
small1024_frozen_attention,selection,B0,5,1,0,0.0
small1024_frozen_attention,selection,B0,5,2,0,0.0
small1024_frozen_attention,selection,B0,5,3,2,2.272727272727273
small1024_frozen_attention,selection,B0,5,4,35,39.77272727272727
small1024_frozen_attention,selection,B0,5,5,47,53.40909090909091
small1024_frozen_attention,selection,B0,5,6,4,4.545454545454546
small1024_frozen_attention,selection,B0,6,1,0,0.0
small1024_frozen_attention,selection,B0,6,2,0,0.0
small1024_frozen_attention,selection,B0,6,3,0,0.0
small1024_frozen_attention,selection,B0,6,4,0,0.0
small1024_frozen_attention,selection,B0,6,5,7,53.84615384615385
small1024_frozen_attention,selection,B0,6,6,6,46.15384615384615
small1024_frozen_attention,selection,B1,1,1,78,69.64285714285714
small1024_frozen_attention,selection,B1,1,2,28,25.0
small1024_frozen_attention,selection,B1,1,3,6,5.357142857142857
small1024_frozen_attention,selection,B1,1,4,0,0.0
small1024_frozen_attention,selection,B1,1,5,0,0.0
small1024_frozen_attention,selection,B1,1,6,0,0.0
small1024_frozen_attention,selection,B1,2,1,67,15.764705882352942
small1024_frozen_attention,selection,B1,2,2,257,60.470588235294116
small1024_frozen_attention,selection,B1,2,3,97,22.823529411764707
small1024_frozen_attention,selection,B1,2,4,4,0.9411764705882353
small1024_frozen_attention,selection,B1,2,5,0,0.0
small1024_frozen_attention,selection,B1,2,6,0,0.0
small1024_frozen_attention,selection,B1,3,1,2,0.3552397868561279
small1024_frozen_attention,selection,B1,3,2,89,15.808170515097691
small1024_frozen_attention,selection,B1,3,3,391,69.44937833037301
small1024_frozen_attention,selection,B1,3,4,79,14.031971580817052
small1024_frozen_attention,selection,B1,3,5,2,0.3552397868561279
small1024_frozen_attention,selection,B1,3,6,0,0.0
small1024_frozen_attention,selection,B1,4,1,0,0.0
small1024_frozen_attention,selection,B1,4,2,3,0.8426966292134831
small1024_frozen_attention,selection,B1,4,3,100,28.089887640449437
small1024_frozen_attention,selection,B1,4,4,208,58.42696629213483
small1024_frozen_attention,selection,B1,4,5,44,12.359550561797754
small1024_frozen_attention,selection,B1,4,6,1,0.2808988764044944
small1024_frozen_attention,selection,B1,5,1,0,0.0
small1024_frozen_attention,selection,B1,5,2,0,0.0
small1024_frozen_attention,selection,B1,5,3,2,2.272727272727273
small1024_frozen_attention,selection,B1,5,4,32,36.36363636363637
small1024_frozen_attention,selection,B1,5,5,42,47.72727272727273
small1024_frozen_attention,selection,B1,5,6,12,13.636363636363637
small1024_frozen_attention,selection,B1,6,1,0,0.0
small1024_frozen_attention,selection,B1,6,2,0,0.0
small1024_frozen_attention,selection,B1,6,3,0,0.0
small1024_frozen_attention,selection,B1,6,4,0,0.0
small1024_frozen_attention,selection,B1,6,5,4,30.76923076923077
small1024_frozen_attention,selection,B1,6,6,9,69.23076923076923
small1024_frozen_attention,train,B0,1,1,628,79.69543147208122
small1024_frozen_attention,train,B0,1,2,158,20.050761421319798
small1024_frozen_attention,train,B0,1,3,2,0.25380710659898476
small1024_frozen_attention,train,B0,1,4,0,0.0
small1024_frozen_attention,train,B0,1,5,0,0.0
small1024_frozen_attention,train,B0,1,6,0,0.0
small1024_frozen_attention,train,B0,2,1,45,1.5131136516476127
small1024_frozen_attention,train,B0,2,2,2605,87.59246805648958
small1024_frozen_attention,train,B0,2,3,322,10.827168796234028
small1024_frozen_attention,train,B0,2,4,2,0.06724949562878278
small1024_frozen_attention,train,B0,2,5,0,0.0
small1024_frozen_attention,train,B0,2,6,0,0.0
small1024_frozen_attention,train,B0,3,1,0,0.0
small1024_frozen_attention,train,B0,3,2,250,6.345177664974619
small1024_frozen_attention,train,B0,3,3,3390,86.04060913705584
small1024_frozen_attention,train,B0,3,4,298,7.563451776649746
small1024_frozen_attention,train,B0,3,5,2,0.050761421319796954
small1024_frozen_attention,train,B0,3,6,0,0.0
small1024_frozen_attention,train,B0,4,1,0,0.0
small1024_frozen_attention,train,B0,4,2,1,0.04008016032064128
small1024_frozen_attention,train,B0,4,3,270,10.821643286573146
small1024_frozen_attention,train,B0,4,4,2133,85.49098196392785
small1024_frozen_attention,train,B0,4,5,91,3.647294589178357
small1024_frozen_attention,train,B0,4,6,0,0.0
small1024_frozen_attention,train,B0,5,1,0,0.0
small1024_frozen_attention,train,B0,5,2,0,0.0
small1024_frozen_attention,train,B0,5,3,0,0.0
small1024_frozen_attention,train,B0,5,4,122,19.902120717781404
small1024_frozen_attention,train,B0,5,5,485,79.11908646003262
small1024_frozen_attention,train,B0,5,6,6,0.9787928221859706
small1024_frozen_attention,train,B0,6,1,0,0.0
small1024_frozen_attention,train,B0,6,2,0,0.0
small1024_frozen_attention,train,B0,6,3,0,0.0
small1024_frozen_attention,train,B0,6,4,0,0.0
small1024_frozen_attention,train,B0,6,5,31,32.63157894736842
small1024_frozen_attention,train,B0,6,6,64,67.36842105263158
small1024_frozen_attention,train,B1,1,1,745,94.54314720812182
small1024_frozen_attention,train,B1,1,2,41,5.2030456852791875
small1024_frozen_attention,train,B1,1,3,2,0.25380710659898476
small1024_frozen_attention,train,B1,1,4,0,0.0
small1024_frozen_attention,train,B1,1,5,0,0.0
small1024_frozen_attention,train,B1,1,6,0,0.0
small1024_frozen_attention,train,B1,2,1,297,9.986550100874243
small1024_frozen_attention,train,B1,2,2,2353,79.11903160726294
small1024_frozen_attention,train,B1,2,3,322,10.827168796234028
small1024_frozen_attention,train,B1,2,4,2,0.06724949562878278
small1024_frozen_attention,train,B1,2,5,0,0.0
small1024_frozen_attention,train,B1,2,6,0,0.0
small1024_frozen_attention,train,B1,3,1,3,0.07614213197969544
small1024_frozen_attention,train,B1,3,2,247,6.269035532994923
small1024_frozen_attention,train,B1,3,3,3431,87.08121827411168
small1024_frozen_attention,train,B1,3,4,257,6.522842639593908
small1024_frozen_attention,train,B1,3,5,2,0.050761421319796954
small1024_frozen_attention,train,B1,3,6,0,0.0
small1024_frozen_attention,train,B1,4,1,0,0.0
small1024_frozen_attention,train,B1,4,2,1,0.04008016032064128
small1024_frozen_attention,train,B1,4,3,322,12.905811623246493
small1024_frozen_attention,train,B1,4,4,2064,82.72545090180361
small1024_frozen_attention,train,B1,4,5,106,4.248496993987976
small1024_frozen_attention,train,B1,4,6,2,0.08016032064128256
small1024_frozen_attention,train,B1,5,1,0,0.0
small1024_frozen_attention,train,B1,5,2,0,0.0
small1024_frozen_attention,train,B1,5,3,0,0.0
small1024_frozen_attention,train,B1,5,4,110,17.94453507340946
small1024_frozen_attention,train,B1,5,5,453,73.89885807504078
small1024_frozen_attention,train,B1,5,6,50,8.156606851549755
small1024_frozen_attention,train,B1,6,1,0,0.0
small1024_frozen_attention,train,B1,6,2,0,0.0
small1024_frozen_attention,train,B1,6,3,0,0.0
small1024_frozen_attention,train,B1,6,4,0,0.0
small1024_frozen_attention,train,B1,6,5,10,10.526315789473685
small1024_frozen_attention,train,B1,6,6,85,89.47368421052632
small1024_regression_control,selection,B0,1,1,56,50.0
small1024_regression_control,selection,B0,1,2,49,43.75
small1024_regression_control,selection,B0,1,3,7,6.25
small1024_regression_control,selection,B0,1,4,0,0.0
small1024_regression_control,selection,B0,1,5,0,0.0
small1024_regression_control,selection,B0,1,6,0,0.0
small1024_regression_control,selection,B0,2,1,26,6.117647058823529
small1024_regression_control,selection,B0,2,2,304,71.52941176470588
small1024_regression_control,selection,B0,2,3,90,21.176470588235293
small1024_regression_control,selection,B0,2,4,5,1.1764705882352942
small1024_regression_control,selection,B0,2,5,0,0.0
small1024_regression_control,selection,B0,2,6,0,0.0
small1024_regression_control,selection,B0,3,1,1,0.17761989342806395
small1024_regression_control,selection,B0,3,2,92,16.341030195381883
small1024_regression_control,selection,B0,3,3,379,67.31793960923623
small1024_regression_control,selection,B0,3,4,89,15.808170515097691
small1024_regression_control,selection,B0,3,5,2,0.3552397868561279
small1024_regression_control,selection,B0,3,6,0,0.0
small1024_regression_control,selection,B0,4,1,0,0.0
small1024_regression_control,selection,B0,4,2,2,0.5617977528089888
small1024_regression_control,selection,B0,4,3,93,26.123595505617978
small1024_regression_control,selection,B0,4,4,222,62.359550561797754
small1024_regression_control,selection,B0,4,5,39,10.955056179775282
small1024_regression_control,selection,B0,4,6,0,0.0
small1024_regression_control,selection,B0,5,1,0,0.0
small1024_regression_control,selection,B0,5,2,0,0.0
small1024_regression_control,selection,B0,5,3,1,1.1363636363636365
small1024_regression_control,selection,B0,5,4,30,34.09090909090909
small1024_regression_control,selection,B0,5,5,52,59.09090909090909
small1024_regression_control,selection,B0,5,6,5,5.681818181818182
small1024_regression_control,selection,B0,6,1,0,0.0
small1024_regression_control,selection,B0,6,2,0,0.0
small1024_regression_control,selection,B0,6,3,0,0.0
small1024_regression_control,selection,B0,6,4,0,0.0
small1024_regression_control,selection,B0,6,5,6,46.15384615384615
small1024_regression_control,selection,B0,6,6,7,53.84615384615385
small1024_regression_control,selection,B1,1,1,73,65.17857142857143
small1024_regression_control,selection,B1,1,2,34,30.357142857142858
small1024_regression_control,selection,B1,1,3,5,4.464285714285714
small1024_regression_control,selection,B1,1,4,0,0.0
small1024_regression_control,selection,B1,1,5,0,0.0
small1024_regression_control,selection,B1,1,6,0,0.0
small1024_regression_control,selection,B1,2,1,55,12.941176470588236
small1024_regression_control,selection,B1,2,2,299,70.3529411764706
small1024_regression_control,selection,B1,2,3,68,16.0
small1024_regression_control,selection,B1,2,4,3,0.7058823529411765
small1024_regression_control,selection,B1,2,5,0,0.0
small1024_regression_control,selection,B1,2,6,0,0.0
small1024_regression_control,selection,B1,3,1,3,0.5328596802841918
small1024_regression_control,selection,B1,3,2,135,23.97868561278863
small1024_regression_control,selection,B1,3,3,369,65.54174067495559
small1024_regression_control,selection,B1,3,4,54,9.591474245115453
small1024_regression_control,selection,B1,3,5,2,0.3552397868561279
small1024_regression_control,selection,B1,3,6,0,0.0
small1024_regression_control,selection,B1,4,1,0,0.0
small1024_regression_control,selection,B1,4,2,5,1.404494382022472
small1024_regression_control,selection,B1,4,3,123,34.550561797752806
small1024_regression_control,selection,B1,4,4,187,52.52808988764045
small1024_regression_control,selection,B1,4,5,41,11.51685393258427
small1024_regression_control,selection,B1,4,6,0,0.0
small1024_regression_control,selection,B1,5,1,0,0.0
small1024_regression_control,selection,B1,5,2,0,0.0
small1024_regression_control,selection,B1,5,3,1,1.1363636363636365
small1024_regression_control,selection,B1,5,4,27,30.681818181818183
small1024_regression_control,selection,B1,5,5,55,62.5
small1024_regression_control,selection,B1,5,6,5,5.681818181818182
small1024_regression_control,selection,B1,6,1,0,0.0
small1024_regression_control,selection,B1,6,2,0,0.0
small1024_regression_control,selection,B1,6,3,0,0.0
small1024_regression_control,selection,B1,6,4,0,0.0
small1024_regression_control,selection,B1,6,5,6,46.15384615384615
small1024_regression_control,selection,B1,6,6,7,53.84615384615385
small1024_regression_control,train,B0,1,1,544,69.03553299492386
small1024_regression_control,train,B0,1,2,239,30.32994923857868
small1024_regression_control,train,B0,1,3,4,0.5076142131979695
small1024_regression_control,train,B0,1,4,1,0.12690355329949238
small1024_regression_control,train,B0,1,5,0,0.0
small1024_regression_control,train,B0,1,6,0,0.0
small1024_regression_control,train,B0,2,1,80,2.6899798251513114
small1024_regression_control,train,B0,2,2,2478,83.32212508406187
small1024_regression_control,train,B0,2,3,408,13.718897108271689
small1024_regression_control,train,B0,2,4,8,0.26899798251513113
small1024_regression_control,train,B0,2,5,0,0.0
small1024_regression_control,train,B0,2,6,0,0.0
small1024_regression_control,train,B0,3,1,0,0.0
small1024_regression_control,train,B0,3,2,382,9.695431472081218
small1024_regression_control,train,B0,3,3,3140,79.69543147208122
small1024_regression_control,train,B0,3,4,409,10.380710659898478
small1024_regression_control,train,B0,3,5,9,0.22842639593908629
small1024_regression_control,train,B0,3,6,0,0.0
small1024_regression_control,train,B0,4,1,0,0.0
small1024_regression_control,train,B0,4,2,1,0.04008016032064128
small1024_regression_control,train,B0,4,3,394,15.791583166332666
small1024_regression_control,train,B0,4,4,1927,77.23446893787575
small1024_regression_control,train,B0,4,5,171,6.8537074148296595
small1024_regression_control,train,B0,4,6,2,0.08016032064128256
small1024_regression_control,train,B0,5,1,0,0.0
small1024_regression_control,train,B0,5,2,0,0.0
small1024_regression_control,train,B0,5,3,1,0.1631321370309951
small1024_regression_control,train,B0,5,4,129,21.04404567699837
small1024_regression_control,train,B0,5,5,452,73.7357259380098
small1024_regression_control,train,B0,5,6,31,5.057096247960848
small1024_regression_control,train,B0,6,1,0,0.0
small1024_regression_control,train,B0,6,2,0,0.0
small1024_regression_control,train,B0,6,3,0,0.0
small1024_regression_control,train,B0,6,4,0,0.0
small1024_regression_control,train,B0,6,5,27,28.42105263157895
small1024_regression_control,train,B0,6,6,68,71.57894736842105
small1024_regression_control,train,B1,1,1,674,85.53299492385787
small1024_regression_control,train,B1,1,2,111,14.086294416243655
small1024_regression_control,train,B1,1,3,3,0.38071065989847713
small1024_regression_control,train,B1,1,4,0,0.0
small1024_regression_control,train,B1,1,5,0,0.0
small1024_regression_control,train,B1,1,6,0,0.0
small1024_regression_control,train,B1,2,1,308,10.356422326832549
small1024_regression_control,train,B1,2,2,2418,81.30464021519839
small1024_regression_control,train,B1,2,3,242,8.137188971082717
small1024_regression_control,train,B1,2,4,6,0.20174848688634836
small1024_regression_control,train,B1,2,5,0,0.0
small1024_regression_control,train,B1,2,6,0,0.0
small1024_regression_control,train,B1,3,1,4,0.10152284263959391
small1024_regression_control,train,B1,3,2,676,17.15736040609137
small1024_regression_control,train,B1,3,3,3008,76.34517766497461
small1024_regression_control,train,B1,3,4,242,6.1421319796954315
small1024_regression_control,train,B1,3,5,10,0.25380710659898476
small1024_regression_control,train,B1,3,6,0,0.0
small1024_regression_control,train,B1,4,1,0,0.0
small1024_regression_control,train,B1,4,2,3,0.12024048096192384
small1024_regression_control,train,B1,4,3,651,26.092184368737474
small1024_regression_control,train,B1,4,4,1648,66.05210420841684
small1024_regression_control,train,B1,4,5,191,7.655310621242485
small1024_regression_control,train,B1,4,6,2,0.08016032064128256
small1024_regression_control,train,B1,5,1,0,0.0
small1024_regression_control,train,B1,5,2,0,0.0
small1024_regression_control,train,B1,5,3,2,0.3262642740619902
small1024_regression_control,train,B1,5,4,112,18.270799347471453
small1024_regression_control,train,B1,5,5,468,76.3458401305057
small1024_regression_control,train,B1,5,6,31,5.057096247960848
small1024_regression_control,train,B1,6,1,0,0.0
small1024_regression_control,train,B1,6,2,0,0.0
small1024_regression_control,train,B1,6,3,0,0.0
small1024_regression_control,train,B1,6,4,0,0.0
small1024_regression_control,train,B1,6,5,27,28.42105263157895
small1024_regression_control,train,B1,6,6,68,71.57894736842105
small1024_dual01,selection,B0,1,1,66,58.92857142857143
small1024_dual01,selection,B0,1,2,40,35.714285714285715
small1024_dual01,selection,B0,1,3,6,5.357142857142857
small1024_dual01,selection,B0,1,4,0,0.0
small1024_dual01,selection,B0,1,5,0,0.0
small1024_dual01,selection,B0,1,6,0,0.0
small1024_dual01,selection,B0,2,1,37,8.705882352941176
small1024_dual01,selection,B0,2,2,316,74.3529411764706
small1024_dual01,selection,B0,2,3,70,16.470588235294116
small1024_dual01,selection,B0,2,4,2,0.47058823529411764
small1024_dual01,selection,B0,2,5,0,0.0
small1024_dual01,selection,B0,2,6,0,0.0
small1024_dual01,selection,B0,3,1,1,0.17761989342806395
small1024_dual01,selection,B0,3,2,124,22.02486678507993
small1024_dual01,selection,B0,3,3,376,66.78507992895204
small1024_dual01,selection,B0,3,4,61,10.8348134991119
small1024_dual01,selection,B0,3,5,1,0.17761989342806395
small1024_dual01,selection,B0,3,6,0,0.0
small1024_dual01,selection,B0,4,1,0,0.0
small1024_dual01,selection,B0,4,2,5,1.404494382022472
small1024_dual01,selection,B0,4,3,117,32.86516853932584
small1024_dual01,selection,B0,4,4,209,58.70786516853933
small1024_dual01,selection,B0,4,5,25,7.022471910112359
small1024_dual01,selection,B0,4,6,0,0.0
small1024_dual01,selection,B0,5,1,0,0.0
small1024_dual01,selection,B0,5,2,0,0.0
small1024_dual01,selection,B0,5,3,2,2.272727272727273
small1024_dual01,selection,B0,5,4,43,48.86363636363637
small1024_dual01,selection,B0,5,5,40,45.45454545454545
small1024_dual01,selection,B0,5,6,3,3.409090909090909
small1024_dual01,selection,B0,6,1,0,0.0
small1024_dual01,selection,B0,6,2,0,0.0
small1024_dual01,selection,B0,6,3,0,0.0
small1024_dual01,selection,B0,6,4,0,0.0
small1024_dual01,selection,B0,6,5,11,84.61538461538461
small1024_dual01,selection,B0,6,6,2,15.384615384615385
small1024_dual01,selection,B1,1,1,77,68.75
small1024_dual01,selection,B1,1,2,27,24.107142857142858
small1024_dual01,selection,B1,1,3,8,7.142857142857143
small1024_dual01,selection,B1,1,4,0,0.0
small1024_dual01,selection,B1,1,5,0,0.0
small1024_dual01,selection,B1,1,6,0,0.0
small1024_dual01,selection,B1,2,1,51,12.0
small1024_dual01,selection,B1,2,2,276,64.94117647058823
small1024_dual01,selection,B1,2,3,94,22.11764705882353
small1024_dual01,selection,B1,2,4,4,0.9411764705882353
small1024_dual01,selection,B1,2,5,0,0.0
small1024_dual01,selection,B1,2,6,0,0.0
small1024_dual01,selection,B1,3,1,3,0.5328596802841918
small1024_dual01,selection,B1,3,2,83,14.742451154529308
small1024_dual01,selection,B1,3,3,388,68.9165186500888
small1024_dual01,selection,B1,3,4,87,15.452930728241563
small1024_dual01,selection,B1,3,5,2,0.3552397868561279
small1024_dual01,selection,B1,3,6,0,0.0
small1024_dual01,selection,B1,4,1,0,0.0
small1024_dual01,selection,B1,4,2,3,0.8426966292134831
small1024_dual01,selection,B1,4,3,85,23.876404494382022
small1024_dual01,selection,B1,4,4,231,64.88764044943821
small1024_dual01,selection,B1,4,5,36,10.112359550561798
small1024_dual01,selection,B1,4,6,1,0.2808988764044944
small1024_dual01,selection,B1,5,1,0,0.0
small1024_dual01,selection,B1,5,2,0,0.0
small1024_dual01,selection,B1,5,3,1,1.1363636363636365
small1024_dual01,selection,B1,5,4,31,35.22727272727273
small1024_dual01,selection,B1,5,5,39,44.31818181818182
small1024_dual01,selection,B1,5,6,17,19.318181818181817
small1024_dual01,selection,B1,6,1,0,0.0
small1024_dual01,selection,B1,6,2,0,0.0
small1024_dual01,selection,B1,6,3,0,0.0
small1024_dual01,selection,B1,6,4,0,0.0
small1024_dual01,selection,B1,6,5,2,15.384615384615385
small1024_dual01,selection,B1,6,6,11,84.61538461538461
small1024_dual01,train,B0,1,1,564,71.57360406091371
small1024_dual01,train,B0,1,2,213,27.03045685279188
small1024_dual01,train,B0,1,3,10,1.2690355329949239
small1024_dual01,train,B0,1,4,1,0.12690355329949238
small1024_dual01,train,B0,1,5,0,0.0
small1024_dual01,train,B0,1,6,0,0.0
small1024_dual01,train,B0,2,1,180,6.052454606590451
small1024_dual01,train,B0,2,2,2470,83.05312710154674
small1024_dual01,train,B0,2,3,320,10.759919300605246
small1024_dual01,train,B0,2,4,4,0.13449899125756556
small1024_dual01,train,B0,2,5,0,0.0
small1024_dual01,train,B0,2,6,0,0.0
small1024_dual01,train,B0,3,1,4,0.10152284263959391
small1024_dual01,train,B0,3,2,639,16.218274111675125
small1024_dual01,train,B0,3,3,2975,75.50761421319797
small1024_dual01,train,B0,3,4,316,8.02030456852792
small1024_dual01,train,B0,3,5,6,0.15228426395939088
small1024_dual01,train,B0,3,6,0,0.0
small1024_dual01,train,B0,4,1,0,0.0
small1024_dual01,train,B0,4,2,6,0.24048096192384769
small1024_dual01,train,B0,4,3,692,27.73547094188377
small1024_dual01,train,B0,4,4,1701,68.17635270541082
small1024_dual01,train,B0,4,5,96,3.847695390781563
small1024_dual01,train,B0,4,6,0,0.0
small1024_dual01,train,B0,5,1,0,0.0
small1024_dual01,train,B0,5,2,0,0.0
small1024_dual01,train,B0,5,3,4,0.6525285481239804
small1024_dual01,train,B0,5,4,270,44.04567699836868
small1024_dual01,train,B0,5,5,331,53.99673735725938
small1024_dual01,train,B0,5,6,8,1.3050570962479608
small1024_dual01,train,B0,6,1,0,0.0
small1024_dual01,train,B0,6,2,0,0.0
small1024_dual01,train,B0,6,3,0,0.0
small1024_dual01,train,B0,6,4,4,4.2105263157894735
small1024_dual01,train,B0,6,5,57,60.0
small1024_dual01,train,B0,6,6,34,35.78947368421053
small1024_dual01,train,B1,1,1,620,78.68020304568527
small1024_dual01,train,B1,1,2,156,19.79695431472081
small1024_dual01,train,B1,1,3,11,1.3959390862944163
small1024_dual01,train,B1,1,4,1,0.12690355329949238
small1024_dual01,train,B1,1,5,0,0.0
small1024_dual01,train,B1,1,6,0,0.0
small1024_dual01,train,B1,2,1,302,10.1546738399462
small1024_dual01,train,B1,2,2,2184,73.4364492266308
small1024_dual01,train,B1,2,3,477,16.039004707464695
small1024_dual01,train,B1,2,4,11,0.3698722259583053
small1024_dual01,train,B1,2,5,0,0.0
small1024_dual01,train,B1,2,6,0,0.0
small1024_dual01,train,B1,3,1,5,0.12690355329949238
small1024_dual01,train,B1,3,2,420,10.65989847715736
small1024_dual01,train,B1,3,3,2977,75.55837563451777
small1024_dual01,train,B1,3,4,530,13.451776649746193
small1024_dual01,train,B1,3,5,7,0.17766497461928935
small1024_dual01,train,B1,3,6,1,0.025380710659898477
small1024_dual01,train,B1,4,1,0,0.0
small1024_dual01,train,B1,4,2,4,0.16032064128256512
small1024_dual01,train,B1,4,3,439,17.595190380761522
small1024_dual01,train,B1,4,4,1878,75.27054108216433
small1024_dual01,train,B1,4,5,169,6.773547094188377
small1024_dual01,train,B1,4,6,5,0.20040080160320642
small1024_dual01,train,B1,5,1,0,0.0
small1024_dual01,train,B1,5,2,0,0.0
small1024_dual01,train,B1,5,3,2,0.3262642740619902
small1024_dual01,train,B1,5,4,162,26.427406199021206
small1024_dual01,train,B1,5,5,365,59.54323001631322
small1024_dual01,train,B1,5,6,84,13.70309951060359
small1024_dual01,train,B1,6,1,0,0.0
small1024_dual01,train,B1,6,2,0,0.0
small1024_dual01,train,B1,6,3,0,0.0
small1024_dual01,train,B1,6,4,0,0.0
small1024_dual01,train,B1,6,5,18,18.94736842105263
small1024_dual01,train,B1,6,6,77,81.05263157894737
