essay_id,score,raw_prediction,B0,B1
ca7b3c6,2,2.5,3,3
d6ef00f,4,2.5,3,3
9f99985,1,0.76171875,1,1
214ed5c,2,1.8828125,2,2
35ffbfc,2,1.8359375,2,2
1e54327,3,3.28125,3,3
1fb5dc7,2,2.703125,3,3
fffed3e,2,1.3125,1,1
f08f42b,4,4.09375,4,4
bf1a798,2,2.0,2,2
eedcb15,4,3.5625,4,4
9f98b59,4,4.21875,4,4
8eabfd5,2,2.109375,2,2
c551b04,4,3.40625,3,4
24f699d,1,2.421875,2,3
0d2ca3c,1,2.640625,3,3
affa314,4,3.96875,4,4
292e15a,3,3.34375,3,3
ddc4485,4,3.65625,4,4
7673fe9,4,3.796875,4,4
8d4298b,2,2.125,2,2
23dbca9,5,4.875,5,5
229397f,3,2.96875,3,3
ab6c995,4,4.03125,4,4
3112774,3,2.796875,3,3
f50070d,4,4.03125,4,4
ac23966,4,4.125,4,4
e661b4b,2,2.453125,2,3
1ffa5d3,3,2.5625,3,3
3a3a47b,3,3.046875,3,3
47bfbf4,3,3.15625,3,3
ed76f3e,4,4.34375,4,5
6a43464,4,3.6875,4,4
305681f,3,1.984375,2,2
e52f7a8,3,2.5625,3,3
dc54514,4,3.4375,3,4
fb73e38,3,3.234375,3,3
86e07ef,3,2.953125,3,3
be8e329,4,3.875,4,4
92a2a91,2,2.046875,2,2
eb67811,3,2.46875,2,3
03e687e,3,3.265625,3,3
340e592,2,1.546875,2,1
187c555,1,1.484375,1,1
898dc81,2,1.8828125,2,2
e7b453f,5,4.96875,5,6
8241d9b,4,3.515625,4,4
d1609f6,3,2.546875,3,3
a771321,3,2.890625,3,3
44ce55e,5,3.75,4,4
e955a4d,3,2.28125,2,2
05efbec,4,3.140625,3,3
5b5745a,2,2.109375,2,2
c7463ad,3,3.359375,3,4
1e762ef,2,2.203125,2,2
e28e48f,1,0.890625,1,1
b45d915,4,3.734375,4,4
2209d70,2,1.6875,2,2
dcbb085,3,2.0,2,2
9f37d8c,2,1.984375,2,2
6482ee7,3,2.640625,3,3
44bc4d1,4,4.3125,4,4
40b6251,4,3.671875,4,4
b28e45b,3,2.859375,3,3
d068bc1,4,4.4375,4,5
82dd80e,5,4.03125,4,4
e9a40fe,3,2.234375,2,2
84aed86,3,2.484375,2,3
9522242,4,3.515625,4,4
1ff2705,3,3.046875,3,3
fd79800,5,5.03125,5,6
a51fdac,3,3.90625,4,4
c423068,3,2.796875,3,3
29139ff,3,2.75,3,3
647368d,2,2.21875,2,2
ce1d3dd,3,3.1875,3,3
72209ee,3,2.90625,3,3
173dc95,4,4.1875,4,4
ebdc645,4,4.40625,4,5
1973fe0,4,4.1875,4,4
ddf54b5,3,2.90625,3,3
b4ec661,3,3.171875,3,3
7aa0c2d,3,3.21875,3,3
aba7d09,3,2.84375,3,3
ce96a53,3,2.8125,3,3
c99384d,4,3.78125,4,4
e8fb1a9,1,1.2265625,1,1
4cf5c8c,3,3.0625,3,3
52eba6d,4,3.953125,4,4
48f888b,2,1.6328125,2,2
047bb6e,1,2.1875,2,2
65b5e11,5,4.5625,5,5
6895712,4,3.03125,3,3
ffcb264,2,2.359375,2,2
bd23c17,4,3.421875,3,4
512ebc5,2,1.7890625,2,2
8da1f55,3,2.75,3,3
acdf709,2,3.015625,3,3
9f7903f,2,1.71875,2,2
53a5927,3,2.75,3,3
3c0d251,2,1.8671875,2,2
825ec37,4,3.5625,4,4
589d941,1,1.390625,1,1
2a0f5b4,1,1.9765625,2,2
df238bb,2,1.8828125,2,2
bfeadac,2,1.8359375,2,2
f1723b6,4,3.53125,4,4
9757d84,4,2.75,3,3
7ca0a04,3,3.296875,3,3
24cd6b4,3,2.375,2,2
9ddca63,3,2.5625,3,3
731cf48,2,1.953125,2,2
3d13ded,5,4.65625,5,5
0550fb1,3,2.203125,2,2
9ac9cfc,3,3.109375,3,3
64f6bf4,3,3.015625,3,3
e1cdb9a,1,1.0234375,1,1
2eb932d,3,3.21875,3,3
ff69c4a,3,3.265625,3,3
f15a47c,2,2.515625,3,3
8424b86,3,2.84375,3,3
5f3892b,4,3.34375,3,3
88e52a1,2,2.390625,2,3
d716604,3,2.671875,3,3
b6cbe8c,2,1.828125,2,2
546947f,2,1.8203125,2,2
38a752b,2,2.28125,2,2
be61aa1,4,3.390625,3,4
031e4d6,3,2.8125,3,3
6d50443,1,2.828125,3,3
a5f0875,3,3.875,4,4
60bee14,3,2.75,3,3
7d06901,5,4.03125,4,4
6dc2f1b,4,4.5,5,5
1dbcd1d,3,3.640625,4,4
bd92855,2,2.078125,2,2
d464251,2,1.1953125,1,1
a43acca,4,3.59375,4,4
8aa2a83,2,2.296875,2,2
812b075,3,3.90625,4,4
b175f62,4,3.671875,4,4
bbd6e25,3,3.625,4,4
f7de906,5,4.53125,5,5
32387e2,2,2.796875,3,3
c6e52e5,5,4.71875,5,5
938a199,4,4.09375,4,4
2753b35,2,1.890625,2,2
a4fb48d,4,2.546875,3,3
1f2ec63,6,5.125,5,6
9aa64b9,3,2.703125,3,3
68407e7,2,1.5,2,1
aaeb21e,2,1.703125,2,2
a13314c,3,3.1875,3,3
b628717,4,3.3125,3,3
61424a0,2,2.171875,2,2
e950fce,2,2.4375,2,3
5860351,4,4.125,4,4
da5e16e,3,3.6875,4,4
1ae929d,2,2.25,2,2
f7bb751,3,2.703125,3,3
f191d20,2,1.9296875,2,2
62fb64b,3,2.609375,3,3
ca7fb0e,3,3.015625,3,3
53533e9,4,3.8125,4,4
160dc72,3,2.234375,2,2
f3d5df5,3,3.171875,3,3
c6d8db3,2,2.28125,2,2
42faeed,3,2.734375,3,3
602ef7c,2,1.6171875,2,2
aa538cc,2,1.9375,2,2
415a9a2,4,4.125,4,4
2887d53,4,3.390625,3,4
ea134d7,4,3.328125,3,3
f0d7b60,4,3.078125,3,3
178a016,2,2.0,2,2
ab74e1a,2,2.09375,2,2
3b946d1,2,1.96875,2,2
934ef15,6,5.40625,5,6
a5eaac8,3,2.3125,2,2
e8fa635,3,2.28125,2,2
8c26dc6,3,2.328125,2,2
92069ac,4,3.828125,4,4
72a4d46,2,1.9453125,2,2
1b66af5,2,1.6640625,2,2
5e79b7d,3,2.546875,3,3
f491bd8,4,4.15625,4,4
98fa8f8,1,2.890625,3,3
5bef364,3,3.609375,4,4
f1b7227,2,1.4921875,1,1
bc44ccf,2,1.96875,2,2
269e81f,4,3.75,4,4
770370b,3,2.765625,3,3
6e80f55,4,3.078125,3,3
36bc88a,3,3.015625,3,3
ca44137,3,2.78125,3,3
54215a2,4,2.921875,3,3
8be72fa,2,1.140625,1,1
83d6879,3,3.203125,3,3
94be929,4,3.78125,4,4
2cde373,3,3.25,3,3
bc3f487,1,1.28125,1,1
e5c1049,4,4.59375,5,5
e965607,3,2.953125,3,3
f92c697,3,2.484375,2,3
6603008,4,4.4375,4,5
a469ac9,2,1.6796875,2,2
3fd18bb,4,3.453125,3,4
41e799c,3,2.546875,3,3
18bd3da,3,3.125,3,3
20744ab,2,2.59375,3,3
e723c40,4,4.5625,5,5
668e285,3,3.390625,3,4
6866c66,2,2.125,2,2
3e80746,2,2.84375,3,3
a61fb39,1,0.84375,1,1
0792205,1,0.80078125,1,1
8274d3b,3,2.5,3,3
fd165b2,5,4.40625,4,5
192755f,4,3.765625,4,4
a70540c,4,3.09375,3,3
ed8f0ec,2,2.046875,2,2
1e29434,3,2.3125,2,2
7a4ba63,4,3.0625,3,3
2593b36,3,2.8125,3,3
bb33eb0,3,3.34375,3,3
95abb1a,3,2.578125,3,3
f64a78b,2,2.4375,2,3
684e155,2,2.25,2,2
4804ff2,2,2.109375,2,2
c2a1f15,3,2.96875,3,3
54eb1cc,4,3.1875,3,3
7b71e51,3,2.78125,3,3
ce7d585,5,3.25,3,3
f97b5ee,3,2.328125,2,2
40403c9,5,4.21875,4,4
320f87a,1,1.0078125,1,1
f373c56,3,3.234375,3,3
52b970d,2,0.9609375,1,1
937d720,5,4.65625,5,5
c22fea7,2,1.34375,1,1
a22b36a,3,2.9375,3,3
dc4b765,4,3.296875,3,3
bee8305,2,1.8046875,2,2
23020fe,3,2.125,2,2
661f303,3,3.625,4,4
63b8e3f,6,5.46875,5,6
7be3d5f,3,2.921875,3,3
c6c9bf9,3,3.21875,3,3
5f65e48,3,2.875,3,3
215bc41,3,2.453125,2,3
b653a84,3,2.21875,2,2
9587c8a,2,2.03125,2,2
51e8942,2,2.640625,3,3
9bf815a,3,2.484375,2,3
2ec83d5,3,2.59375,3,3
e56adc7,4,4.0,4,4
6f01026,3,2.953125,3,3
3ef0ccb,2,1.5546875,2,1
a9b6b73,2,2.5625,3,3
2b89aad,5,4.25,4,4
1fea416,3,2.640625,3,3
7f87a21,2,2.1875,2,2
27d8978,2,1.265625,1,1
1b0d4bd,4,4.75,5,5
6ac4c2a,3,2.65625,3,3
1d1227a,3,3.0625,3,3
4735bbe,3,1.828125,2,2
7fad7ea,2,2.0,2,2
2cd8edd,4,3.828125,4,4
adbad2a,4,3.265625,3,3
b9d2d22,4,3.875,4,4
304734e,2,1.4921875,1,1
e6d3293,3,3.5625,4,4
4d2fe46,2,1.5234375,2,1
a090ddf,2,1.8359375,2,2
3c603b2,2,2.125,2,2
d0da668,2,2.046875,2,2
3d6c4db,1,1.578125,2,1
28de37d,3,3.4375,3,4
7cfa897,4,3.921875,4,4
5c7e6f9,1,1.484375,1,1
d493980,3,3.265625,3,3
1c9cce1,4,4.5625,5,5
789a96e,3,2.921875,3,3
204aeb7,3,3.015625,3,3
099fc28,1,1.703125,2,2
0ac8051,2,2.296875,2,2
1b2bd26,2,1.6640625,2,2
e1b8583,2,1.0390625,1,1
761334f,3,2.96875,3,3
1085852,5,4.71875,5,5
01ae85f,3,2.671875,3,3
6e54de4,2,1.78125,2,2
672b3fe,3,3.109375,3,3
947e919,1,2.109375,2,2
4c6fd57,3,3.34375,3,3
70b3ce0,2,2.0,2,2
b653f5c,2,2.140625,2,2
6e46eb2,5,5.09375,5,6
ca72f67,4,4.34375,4,5
7c24696,3,2.5,3,3
02a059f,4,3.46875,3,4
06a9e1d,2,1.84375,2,2
7adcf3e,2,2.703125,3,3
127dd08,1,1.015625,1,1
fae3236,1,1.53125,2,1
7815231,2,1.4921875,1,1
b9f35b8,5,4.78125,5,5
4e27e9c,3,3.578125,4,4
fcddb16,4,3.4375,3,4
6313ae6,3,2.390625,2,3
2a7dcac,4,2.984375,3,3
e50ee0f,4,3.609375,4,4
210fff5,2,2.15625,2,2
3888966,2,2.140625,2,2
6cc752a,4,3.0625,3,3
32a0d6e,3,2.53125,3,3
d617314,4,2.890625,3,3
0d5876f,3,3.625,4,4
3adfa2e,3,3.1875,3,3
dbbc08b,3,3.140625,3,3
9b0dbc0,4,3.1875,3,3
be34efd,3,2.34375,2,2
7bce53f,2,1.90625,2,2
89155ea,2,2.03125,2,2
ca12d21,3,3.34375,3,3
6fa61fd,2,1.7890625,2,2
d35b054,3,2.390625,2,3
3684d35,2,1.3125,1,1
bc078a4,3,3.640625,4,4
78ae718,3,2.203125,2,2
8b47ec8,3,2.3125,2,2
d3b4032,1,1.21875,1,1
6d94442,2,1.75,2,2
b5c8650,2,2.6875,3,3
de1769c,1,1.3828125,1,1
443d4cc,2,1.65625,2,2
78f0cbd,3,2.6875,3,3
c46ad0d,3,2.796875,3,3
1fac7bc,3,2.34375,2,2
b1d2f95,4,3.546875,4,4
0fab210,1,1.4140625,1,1
2c70d54,2,1.9453125,2,2
8228980,3,3.21875,3,3
543cd49,2,1.5234375,2,1
80998b6,2,2.609375,3,3
b45e550,2,2.125,2,2
09a7f87,3,2.703125,3,3
13a7cb9,3,3.21875,3,3
cac714f,2,2.765625,3,3
2fd5695,3,2.53125,3,3
59c1a55,5,4.46875,4,5
8ad6fdb,4,3.71875,4,4
3342947,2,1.625,2,2
91ddfbb,3,3.40625,3,4
85fbd81,2,2.71875,3,3
f1a14d4,5,4.25,4,4
677371d,4,4.21875,4,4
309eb02,3,3.046875,3,3
4f5103a,3,2.765625,3,3
188dc58,4,4.40625,4,5
a8da8f4,3,2.796875,3,3
5de4838,3,2.4375,2,3
4ce9b89,2,2.171875,2,2
f14d681,3,3.484375,3,4
16ea9a9,3,2.796875,3,3
79de37d,3,4.0,4,4
d0ea34d,3,2.625,3,3
6a30d2a,4,3.546875,4,4
878c1f5,3,2.984375,3,3
410ccee,3,3.015625,3,3
1bf0096,2,1.734375,2,2
a5e1346,2,2.3125,2,2
80a808b,4,3.28125,3,3
cd1bcfa,4,4.65625,5,5
2f4bcb2,3,3.25,3,3
596bc3d,4,3.453125,3,4
c0dff67,3,3.296875,3,3
874082c,2,1.9609375,2,2
340e8e8,3,2.46875,2,3
000d118,3,1.8984375,2,2
acfd6bb,3,2.234375,2,2
6ed964d,4,3.3125,3,3
c912b38,3,3.1875,3,3
d80af93,3,2.96875,3,3
cd66471,2,1.4453125,1,1
3f8fdc4,3,3.75,4,4
af4c619,3,2.6875,3,3
fe278e1,4,3.59375,4,4
16d2b9e,3,2.171875,2,2
8aff2ab,5,4.03125,4,4
4696a0e,3,2.4375,2,3
f14dab1,3,2.46875,2,3
82269ec,3,2.6875,3,3
e8b73b1,3,2.3125,2,2
f3e53e1,1,0.78515625,1,1
36ac515,2,1.125,1,1
8b09ca0,4,3.015625,3,3
4bda0df,3,3.34375,3,3
219799d,3,3.421875,3,4
06d6248,3,3.234375,3,3
c5773a4,3,2.546875,3,3
440ec2c,2,2.171875,2,2
b62cbf6,3,2.75,3,3
608a467,2,2.1875,2,2
715c69d,2,1.796875,2,2
42b1a61,2,2.078125,2,2
b494ee9,1,1.2578125,1,1
2b33aff,2,2.921875,3,3
297885d,3,2.859375,3,3
f7233fb,5,3.703125,4,4
f275c1c,2,1.8203125,2,2
5051480,3,3.28125,3,3
4c03f8b,2,1.78125,2,2
caa1ffe,3,3.953125,4,4
287e0bd,4,3.53125,4,4
f473ec0,2,2.453125,2,3
deb6eb4,2,1.46875,1,1
e167bba,4,3.921875,4,4
ebc439f,3,2.71875,3,3
9cffcca,2,1.8671875,2,2
9059dde,3,3.40625,3,4
c7d7af9,4,3.984375,4,4
2d0c4b9,2,1.7109375,2,2
53c5224,3,2.453125,2,3
8276f14,2,2.28125,2,2
8ff090e,3,2.078125,2,2
7bf387d,2,1.8125,2,2
3b9e890,3,2.84375,3,3
c797511,3,3.59375,4,4
e6cb3aa,3,2.78125,3,3
6ae69c0,4,3.875,4,4
8423e55,2,1.640625,2,2
bbbd6d2,4,3.765625,4,4
55511cd,3,3.515625,4,4
18ed7e6,3,1.5,2,1
b8a868d,2,1.9140625,2,2
ecd9d0f,2,2.25,2,2
3926c2c,2,2.046875,2,2
eee329e,1,2.65625,3,3
0c560ab,3,2.84375,3,3
8e38ee2,1,1.203125,1,1
0bebdc5,3,3.109375,3,3
a8b6334,4,3.703125,4,4
35578be,2,2.734375,3,3
1643f02,3,3.25,3,3
4b3469e,3,2.671875,3,3
5cdef55,3,3.578125,4,4
b9ecda0,3,3.203125,3,3
0cd96ea,1,1.6015625,2,2
70df38f,3,2.453125,2,3
1e8c487,4,3.6875,4,4
cdc231b,2,2.1875,2,2
0d5afc5,3,3.546875,4,4
8e6dafc,3,2.921875,3,3
5587a15,3,3.21875,3,3
eaf37c0,4,3.921875,4,4
5e0a4eb,1,1.765625,2,2
8ad02ca,1,1.34375,1,1
9439b2e,3,1.9765625,2,2
944711c,2,1.5078125,2,1
752b719,2,1.4140625,1,1
86b1073,4,4.3125,4,4
1c7a00d,3,1.9609375,2,2
3b480e0,3,3.09375,3,3
95a87d0,3,2.5625,3,3
e233513,1,2.25,2,2
45e746e,3,3.09375,3,3
d6d88e1,2,1.828125,2,2
4ca8ff0,3,2.765625,3,3
d3a7bc3,3,3.40625,3,4
0fc2a56,3,2.71875,3,3
f4da42f,2,2.21875,2,2
d3ac360,2,2.171875,2,2
5fa94d8,4,3.96875,4,4
71e1055,4,3.71875,4,4
2873095,2,1.96875,2,2
9014b2d,3,3.203125,3,3
a7b76c2,3,3.03125,3,3
833118e,6,5.4375,5,6
5e3d59a,1,1.8046875,2,2
d7a0626,2,1.1796875,1,1
ec8c63e,2,2.75,3,3
1af31b9,3,2.8125,3,3
8402548,2,3.28125,3,3
0c3a8a0,2,1.7265625,2,2
3c670cf,3,2.53125,3,3
60e148b,2,1.90625,2,2
7337377,2,2.25,2,2
27c512c,4,3.90625,4,4
3c9291d,4,2.984375,3,3
17ff7c0,2,3.140625,3,3
142c979,2,2.265625,2,2
c58f3b3,3,3.015625,3,3
0946813,4,3.421875,3,4
617c9b4,1,1.296875,1,1
20f1ea0,2,2.9375,3,3
4204a15,3,3.28125,3,3
8b5b48f,1,1.265625,1,1
2caa790,1,0.828125,1,1
28cfca6,4,4.15625,4,4
769bbc9,2,2.25,2,2
8abfff9,3,2.640625,3,3
2916425,5,4.375,4,5
99b0b02,3,2.234375,2,2
cce5898,4,4.75,5,5
6795492,2,1.7890625,2,2
4c6a800,2,1.546875,2,1
552b6ba,2,1.921875,2,2
1099610,2,1.484375,1,1
9c4d83e,3,2.265625,2,2
42f54eb,4,3.453125,3,4
f2e3cfb,3,3.6875,4,4
ce30566,4,2.625,3,3
81388a1,3,2.78125,3,3
b6d1b2a,2,2.546875,3,3
6eb9060,3,3.359375,3,4
17d73bb,3,2.765625,3,3
85f35d3,3,2.875,3,3
1a5ce0c,1,1.765625,2,2
79f0b51,3,3.625,4,4
a2e903f,2,2.0,2,2
6e06652,2,2.609375,3,3
96e24cc,1,1.8828125,2,2
5fc543b,4,3.453125,3,4
d863753,2,1.1328125,1,1
64e21f5,4,3.71875,4,4
7c41b2c,5,4.28125,4,4
5d64786,2,2.546875,3,3
e2c1ac1,2,2.46875,2,3
dee4c3c,2,2.078125,2,2
94bb008,1,1.9296875,2,2
316583e,4,4.78125,5,5
13daa2a,3,3.65625,4,4
775de31,5,4.53125,5,5
8c70dbc,4,3.984375,4,4
c4ecf88,4,4.03125,4,4
517aed3,5,5.0625,5,6
c61d606,2,2.25,2,2
241d49c,4,3.5625,4,4
c14759b,1,1.0625,1,1
0345980,4,3.34375,3,3
e4e3d0f,2,1.71875,2,2
bfd1123,3,2.96875,3,3
eb1fdc1,2,2.359375,2,2
b3fe753,1,1.1796875,1,1
ecea555,3,3.796875,4,4
1ead4a5,2,1.8828125,2,2
ddca848,4,4.0625,4,4
3c56be8,4,3.46875,3,4
bc882fe,2,0.71875,1,1
aaced97,3,2.671875,3,3
d18a663,4,2.921875,3,3
ebbfacd,5,4.65625,5,5
bceec3e,2,2.484375,2,3
915416d,2,2.5,3,3
9ee0c20,6,6.15625,6,6
736b2a8,3,2.375,2,2
b4b4034,4,2.59375,3,3
c5400c9,2,1.9296875,2,2
455a671,4,4.8125,5,5
8907348,4,4.53125,5,5
32333f3,2,2.765625,3,3
ae24b49,4,3.578125,4,4
c79938a,2,1.765625,2,2
a27c28d,3,3.203125,3,3
3d4bc2e,3,2.5625,3,3
bcf3683,4,3.71875,4,4
f3f84e5,4,3.78125,4,4
2107217,2,2.140625,2,2
fd5b5a2,4,4.53125,5,5
11e9122,3,2.84375,3,3
48ff14c,1,1.5625,2,1
40e315e,3,2.8125,3,3
1c98fd5,3,3.09375,3,3
ba2ac34,3,2.5,3,3
3d890b6,2,2.234375,2,2
b9b3bdc,2,1.875,2,2
0ae1dee,4,3.78125,4,4
e3c6b7b,1,1.046875,1,1
d9111ae,2,1.4609375,1,1
d0f2283,3,3.109375,3,3
79cbb62,4,4.84375,5,5
4ff8278,2,2.328125,2,2
20af98d,3,3.015625,3,3
dd80d9b,5,4.625,5,5
6299beb,2,1.8125,2,2
008341a,3,3.015625,3,3
9be8232,4,3.875,4,4
53469e5,3,2.703125,3,3
e42cb67,2,1.53125,2,1
208907c,1,1.1953125,1,1
654bc3a,1,2.015625,2,2
f4c4b8d,3,2.234375,2,2
07a2516,3,2.421875,2,3
e104ebf,2,1.828125,2,2
d23aa23,3,3.09375,3,3
bcdbb5d,2,2.15625,2,2
4bcf5ca,4,4.21875,4,4
4c8547d,2,2.78125,3,3
9168693,3,2.984375,3,3
43147af,3,2.40625,2,3
58b20f6,2,2.125,2,2
8ee249b,4,3.9375,4,4
8845fa8,2,1.8984375,2,2
c7ee763,2,2.296875,2,2
257c46e,4,3.75,4,4
1ae83ab,3,3.015625,3,3
7e27e0f,2,2.078125,2,2
63d1e92,4,3.78125,4,4
9f5396a,2,1.7109375,2,2
d3c55a0,3,3.46875,3,4
1b0c156,4,4.375,4,5
6189c99,4,4.0,4,4
5cfbd1d,2,0.95703125,1,1
3348cd7,4,3.8125,4,4
2bd315e,2,2.5625,3,3
a7f84c4,3,3.453125,3,4
b7108d5,3,2.21875,2,2
91c3f8d,3,2.796875,3,3
e3f153e,2,1.3125,1,1
51a76e8,4,3.8125,4,4
417000a,4,3.734375,4,4
9f0da63,4,3.8125,4,4
0f8c21d,4,2.921875,3,3
884d01c,1,2.15625,2,2
bf07b8b,3,3.28125,3,3
bbfbe27,3,3.515625,4,4
9dd4052,2,2.15625,2,2
1608b25,5,4.46875,4,5
1c3d190,1,1.40625,1,1
062455d,3,2.578125,3,3
f8f1b6d,4,3.375,3,4
613b483,4,3.8125,4,4
c5e21f4,5,5.59375,6,6
6ebd28f,3,1.375,1,1
bc187b0,4,3.921875,4,4
ff8f5bb,3,2.0625,2,2
c2333c4,4,3.015625,3,3
3735524,2,2.78125,3,3
d046df0,3,4.09375,4,4
4a3b0dc,2,1.40625,1,1
eda0755,3,2.28125,2,2
300566e,4,3.390625,3,4
363e205,2,2.171875,2,2
36351aa,3,2.6875,3,3
6efb0f2,1,1.0078125,1,1
3d04367,3,3.78125,4,4
cdcc97e,4,3.828125,4,4
a4a70c3,3,3.03125,3,3
d4db57e,3,2.796875,3,3
128dd5a,4,3.890625,4,4
f6d3c54,5,4.375,4,5
ddeb7ff,2,2.859375,3,3
2f1c523,2,2.375,2,2
07122f0,2,3.15625,3,3
5e1ddbf,2,1.8828125,2,2
bc0bf87,2,2.015625,2,2
42721ba,3,2.859375,3,3
883fcc4,2,2.046875,2,2
c9fd0a5,3,2.859375,3,3
1cf05de,3,3.125,3,3
9b16e52,2,2.203125,2,2
18cbfcc,3,3.046875,3,3
3d64e68,2,1.8203125,2,2
08519b2,5,4.34375,4,5
5ac97a0,4,2.6875,3,3
2a911f5,2,2.28125,2,2
7210183,3,2.390625,2,3
f5d62cb,3,3.125,3,3
158f63a,2,1.90625,2,2
7835426,4,2.78125,3,3
3f8e2ac,2,1.8828125,2,2
e1490d1,1,0.8984375,1,1
3662bff,3,3.0,3,3
f0a82e3,2,2.390625,2,3
8f2c255,3,2.3125,2,2
92a2621,4,1.875,2,2
70509cc,3,3.5,4,4
7542726,1,0.70703125,1,1
e2cd1e4,4,3.609375,4,4
10ca44e,1,2.09375,2,2
cbff5cb,4,4.34375,4,5
6fe2b9f,4,2.890625,3,3
42caf8b,3,3.546875,4,4
27215d2,4,4.15625,4,4
59101f7,3,3.265625,3,3
3fb5a5f,3,2.4375,2,3
6a88483,3,2.78125,3,3
5c80a5e,1,2.21875,2,2
5d6a802,4,3.90625,4,4
02a7530,3,2.875,3,3
5080e44,3,3.59375,4,4
92eeb85,3,2.484375,2,3
bfd1981,4,3.8125,4,4
827c7de,3,2.484375,2,3
deb4eb3,3,3.015625,3,3
5d33f39,4,4.21875,4,4
ecbdf77,4,3.609375,4,4
68012ae,3,2.859375,3,3
af29c9b,3,3.046875,3,3
4bfbf8d,3,2.78125,3,3
2e1430e,3,2.953125,3,3
7de9381,1,0.984375,1,1
4d03639,2,2.078125,2,2
9e753f8,4,4.03125,4,4
af2c054,2,2.125,2,2
5d3b6f8,4,3.46875,3,4
59fd54d,1,1.2890625,1,1
9554d9a,2,1.671875,2,2
da881e9,1,1.171875,1,1
2d1abb9,1,1.1328125,1,1
102db72,4,3.09375,3,3
e59ae28,3,2.34375,2,2
9787d80,2,2.28125,2,2
201eeec,2,1.59375,2,1
6e2d013,4,3.671875,4,4
29338c6,5,5.03125,5,6
176dd5b,2,1.875,2,2
0cae471,5,4.28125,4,4
7e4ede0,4,3.984375,4,4
f711b4b,4,4.15625,4,4
da7968c,3,2.140625,2,2
58ce1cc,2,2.015625,2,2
0081f18,3,2.34375,2,2
ee76074,3,3.21875,3,3
4910896,4,2.953125,3,3
0c6c628,2,1.890625,2,2
418f2bf,2,2.5,3,3
02c0440,3,2.34375,2,2
9cac97c,4,4.1875,4,4
62ed79a,4,3.71875,4,4
84c84a8,3,3.171875,3,3
4fd22d9,2,1.3046875,1,1
94a91d5,5,4.3125,4,4
e1f6a8f,1,0.76171875,1,1
6340303,3,3.015625,3,3
56bf90e,2,1.7578125,2,2
84f8bd2,2,1.703125,2,2
3aea5c1,4,3.28125,3,3
2148c4b,4,3.75,4,4
7f1b9d0,3,2.625,3,3
259ee08,2,2.65625,3,3
b93c06a,2,2.40625,2,3
e88655c,3,3.296875,3,3
1911daf,5,3.859375,4,4
e530376,2,1.9140625,2,2
dd170f2,4,4.1875,4,4
64f2611,3,2.96875,3,3
5e64b9b,3,2.90625,3,3
2d25ccf,1,1.0859375,1,1
2bd6a10,4,3.5625,4,4
8dbc20e,2,1.3515625,1,1
b5937a4,2,1.96875,2,2
9a46d11,2,1.984375,2,2
1ef1180,2,1.15625,1,1
b3f07d4,4,4.0625,4,4
374a74c,3,2.765625,3,3
e42ebd1,3,2.28125,2,2
37dc455,3,2.609375,3,3
0b153d1,2,2.703125,3,3
9ff5651,3,3.03125,3,3
48907d1,3,2.765625,3,3
08cec1d,4,5.15625,5,6
21a8d76,5,3.9375,4,4
08407fe,2,1.7109375,2,2
f30a2b1,4,3.21875,3,3
9e49aed,4,3.984375,4,4
11ab02b,1,1.6171875,2,2
7bb7223,5,4.09375,4,4
b1b6428,1,1.546875,2,1
952fed2,3,2.96875,3,3
94428a2,2,2.25,2,2
efa3c2e,3,3.25,3,3
0033037,2,1.890625,2,2
317fa74,3,3.46875,3,4
ce0be14,2,2.234375,2,2
2d6ecf2,5,5.0625,5,6
61829ce,3,3.5625,4,4
eb6d8fc,3,2.625,3,3
5e9c6d0,2,2.375,2,2
fed700f,3,3.359375,3,4
941fc37,2,2.125,2,2
d926aa2,4,2.875,3,3
545a0f3,1,1.2578125,1,1
a52b535,5,4.59375,5,5
c4f0bd2,3,2.953125,3,3
31ea4a0,3,2.515625,3,3
2101c39,5,4.34375,4,5
f7fcd15,3,2.6875,3,3
7b76d55,3,2.765625,3,3
2606925,2,1.984375,2,2
fd45453,4,4.0,4,4
f92d35c,2,2.3125,2,2
ce5f251,4,3.8125,4,4
1a10d27,3,3.203125,3,3
3982990,3,2.4375,2,3
236f38c,4,2.890625,3,3
5aa769f,6,5.125,5,6
2542bb4,4,4.09375,4,4
ce2e7ba,3,2.265625,2,2
6588df5,2,2.09375,2,2
860245a,1,2.125,2,2
108d15e,4,3.3125,3,3
fcac377,3,1.6875,2,2
b6a062f,2,2.28125,2,2
c0b28c2,5,4.21875,4,4
87a984f,3,2.90625,3,3
94d977e,4,3.359375,3,4
f2b690b,4,4.0,4,4
9176404,3,2.40625,2,3
746e6d5,1,1.171875,1,1
05592d5,5,4.3125,4,4
05ae003,2,2.21875,2,2
f6de3e7,3,2.4375,2,3
dc50ee0,3,4.1875,4,4
a993de4,4,4.0625,4,4
888ed54,5,3.984375,4,4
eb8e2fd,1,0.94140625,1,1
bc58d4b,3,3.65625,4,4
564b781,3,2.984375,3,3
c76391f,2,1.4296875,1,1
588a4ce,2,2.234375,2,2
56b0da9,3,3.109375,3,3
3417267,4,4.3125,4,4
244587b,2,2.921875,3,3
4f796a7,4,3.328125,3,3
c48a5bd,4,3.65625,4,4
d9f36b2,2,2.84375,3,3
b87a989,3,2.625,3,3
74b325a,1,1.5625,2,1
f5cc0f2,3,3.09375,3,3
f1191c2,1,1.421875,1,1
bc8ea5d,3,2.328125,2,2
986dd49,2,2.234375,2,2
9787503,2,2.328125,2,2
0e5feb0,4,3.921875,4,4
071de41,4,4.78125,5,5
814c6b5,4,3.21875,3,3
0ba0a50,4,3.796875,4,4
d6baaa5,3,3.21875,3,3
c445bc3,2,1.59375,2,1
62a61d6,4,3.8125,4,4
42e3e86,2,2.171875,2,2
4490ec6,3,3.25,3,3
309fe3b,4,4.5,5,5
49fb6be,4,3.59375,4,4
c92bec1,3,3.578125,4,4
9846f0c,2,1.890625,2,2
d852c77,3,2.46875,2,3
7f55753,1,1.0234375,1,1
8d94b1a,3,2.890625,3,3
2ff865b,3,2.90625,3,3
3e11caa,2,2.6875,3,3
4db787e,2,2.1875,2,2
1379de4,2,2.03125,2,2
8d3dc6d,2,2.546875,3,3
d02f43e,3,2.90625,3,3
94bbf8d,4,3.4375,3,4
b9ce947,4,4.4375,4,5
8afd659,3,2.71875,3,3
738e445,2,1.0234375,1,1
131a126,3,2.671875,3,3
f9e3c52,5,5.0625,5,6
a3e45a7,3,2.71875,3,3
68f3aaa,3,3.078125,3,3
c104717,3,2.578125,3,3
9c8a075,2,1.78125,2,2
b24cf8e,1,1.3515625,1,1
9805788,3,2.34375,2,2
0c047cd,2,1.8203125,2,2
cc01bbd,4,4.15625,4,4
09af24e,2,2.6875,3,3
90c8486,2,2.453125,2,3
f7d8f77,3,3.0,3,3
75ba4ef,3,2.34375,2,2
a187d56,4,3.921875,4,4
5aae84f,1,1.6796875,2,2
6048a5c,4,3.734375,4,4
3f19bd4,3,3.28125,3,3
492fb37,4,4.84375,5,5
e920a01,1,1.1953125,1,1
7bb72d2,5,4.4375,4,5
d58ff18,4,4.1875,4,4
e26876b,5,5.1875,5,6
541f93c,5,4.34375,4,5
537796a,2,2.21875,2,2
9b3fd14,5,4.65625,5,5
5cebc1a,3,3.203125,3,3
bd1080f,2,3.734375,4,4
2c8144c,1,1.4453125,1,1
425a1cd,2,1.703125,2,2
8a44244,2,2.421875,2,3
a984775,2,2.421875,2,3
50ab02f,2,1.890625,2,2
1ecaf51,4,4.0625,4,4
7bbbdc7,2,2.046875,2,2
78b92a0,4,3.828125,4,4
17fe311,3,2.8125,3,3
d9cb4a4,4,4.09375,4,4
ef74c34,3,2.96875,3,3
10444ef,3,1.9140625,2,2
348647d,3,2.78125,3,3
2ba53eb,2,1.890625,2,2
fa80335,4,2.609375,3,3
8538010,1,1.6484375,2,2
5b33e2a,4,4.625,5,5
d6f213f,3,2.75,3,3
0feef16,5,4.25,4,4
5129a0b,3,3.171875,3,3
64d8a72,1,1.53125,2,1
4cf20cf,3,2.546875,3,3
65de009,2,2.3125,2,2
ff4426e,4,3.328125,3,3
d81bdc5,4,3.5625,4,4
2734a49,3,3.015625,3,3
c060418,4,4.03125,4,4
5f4fdc1,4,3.03125,3,3
821add8,4,2.84375,3,3
b4c9b45,4,2.953125,3,3
23d1582,1,1.2109375,1,1
dc0bb2e,4,4.6875,5,5
d9738d3,6,4.78125,5,5
b5c151d,3,3.578125,4,4
f54039b,4,3.625,4,4
3f662e8,2,3.25,3,3
ff982af,2,1.8828125,2,2
1783b9f,2,2.328125,2,2
1be7b59,2,2.21875,2,2
15f3aec,3,2.203125,2,2
006d0e1,4,3.90625,4,4
2e443f0,3,2.484375,2,3
07e4b76,3,3.703125,4,4
3022fa6,2,2.234375,2,2
e78ba08,2,0.828125,1,1
297822d,3,3.03125,3,3
19ea366,3,2.65625,3,3
208f29c,2,1.8671875,2,2
72d90ad,5,3.828125,4,4
acd3a8d,3,1.984375,2,2
fef9414,3,2.40625,2,3
0c720f3,2,1.953125,2,2
3c034ac,3,2.453125,2,3
ee9afef,2,2.03125,2,2
53ee71c,2,1.9921875,2,2
8a6e42b,4,3.625,4,4
1edbc51,3,2.75,3,3
4d04b46,3,2.4375,2,3
215e6f7,1,1.109375,1,1
a5b09cd,2,1.6796875,2,2
da5588c,4,4.9375,5,5
95bdc27,3,2.578125,3,3
3f82654,2,1.5234375,2,1
3ec8e01,2,2.46875,2,3
d13ae8e,5,4.6875,5,5
fc30cc5,3,2.984375,3,3
c3e0f50,3,2.875,3,3
dc3d2fe,3,2.53125,3,3
c42edb6,3,3.375,3,4
b45d486,4,4.40625,4,5
6bd20d5,3,2.53125,3,3
e666996,1,1.4765625,1,1
0c5c345,2,2.3125,2,2
c164c8d,3,2.484375,2,3
fc040f4,2,1.4921875,1,1
be11cd7,2,1.84375,2,2
ac606b5,2,2.03125,2,2
6943ce3,3,2.84375,3,3
6d3fda7,2,2.0625,2,2
79bd60c,2,1.96875,2,2
33504eb,5,4.71875,5,5
4e1b427,4,4.3125,4,4
c05b975,2,1.6640625,2,2
f3dce75,2,2.265625,2,2
e7396f8,3,2.625,3,3
3252ee0,3,2.828125,3,3
e4e44d7,3,3.359375,3,4
b62c722,3,2.546875,3,3
d61fa9d,3,2.75,3,3
bd4f4fc,3,2.703125,3,3
2042022,1,1.953125,2,2
ff0aba9,4,3.984375,4,4
9727e8b,1,0.796875,1,1
db008ce,3,3.546875,4,4
903c321,3,3.109375,3,3
9cdbfeb,2,1.9609375,2,2
524f91a,4,3.546875,4,4
c63c8c8,3,2.59375,3,3
ea8d794,3,3.015625,3,3
c7e3380,2,2.40625,2,3
ff91759,4,3.703125,4,4
a9196cd,4,3.734375,4,4
c76c83a,3,2.53125,3,3
6bc585a,1,0.8671875,1,1
f3a1686,2,2.15625,2,2
c7e5fc4,2,1.84375,2,2
580a307,3,3.578125,4,4
3a280d9,4,4.03125,4,4
4051e5d,4,3.1875,3,3
e1a6cbe,3,2.375,2,2
cfdc4d7,3,1.65625,2,2
feac597,3,2.015625,2,2
4ed05bb,3,3.1875,3,3
dc5e967,3,3.1875,3,3
2aee9ae,3,2.5625,3,3
26e8410,4,3.328125,3,3
e364c29,2,3.078125,3,3
2e85901,3,1.828125,2,2
439ad10,4,3.390625,3,4
b5dd327,6,5.78125,6,6
18869b7,2,2.09375,2,2
8825d32,3,2.5625,3,3
bdd685e,2,2.296875,2,2
df429af,4,3.171875,3,3
f821560,5,4.34375,4,5
feec511,3,2.984375,3,3
c14ce77,2,1.7578125,2,2
e196327,1,0.79296875,1,1
4d4448d,3,3.0,3,3
ddf464d,3,2.796875,3,3
24694b6,2,1.8671875,2,2
4e3f7b9,2,2.171875,2,2
04c4f26,3,2.828125,3,3
f8f4fe9,3,3.171875,3,3
10efec8,3,3.0,3,3
68796bc,4,4.53125,5,5
7c6a45f,3,2.46875,2,3
e86c998,1,1.5390625,2,1
eca2749,1,1.4609375,1,1
89034e7,3,3.078125,3,3
6217c6c,1,1.9921875,2,2
035e3c7,3,3.34375,3,3
7af3b06,2,3.4375,3,4
9d3e9d5,2,1.890625,2,2
4a3d281,4,4.28125,4,4
359b327,2,2.96875,3,3
9d4e141,2,2.546875,3,3
493f79e,2,1.359375,1,1
eab45cd,2,1.7734375,2,2
5f6e51d,4,3.5625,4,4
b040412,2,1.65625,2,2
366ba9d,2,3.1875,3,3
ef64f8d,3,3.15625,3,3
574441f,4,3.8125,4,4
c7aa884,3,2.65625,3,3
981ed9b,4,3.96875,4,4
a99aa01,2,2.703125,3,3
897534e,5,4.375,4,5
cb15b48,4,3.109375,3,3
9817fb6,4,3.703125,4,4
3d9dfb7,3,3.640625,4,4
e793127,4,4.25,4,4
9aaa5b7,4,4.125,4,4
f79495b,3,2.40625,2,3
580d378,2,2.203125,2,2
2e0ecaa,3,4.09375,4,4
c7c591e,4,3.828125,4,4
4f6582d,6,5.40625,5,6
d0c3c61,4,4.21875,4,4
3cd190e,3,3.421875,3,4
5f360ee,4,2.921875,3,3
a2e75b2,5,4.84375,5,5
2e1f63f,4,3.15625,3,3
36b4fc8,3,2.84375,3,3
1bee451,3,2.71875,3,3
e22abc7,4,2.65625,3,3
a7988f2,3,2.9375,3,3
1549de8,5,4.25,4,4
55d55f6,3,3.265625,3,3
36ad5dc,4,3.03125,3,3
acffe7b,3,2.609375,3,3
60e483f,2,1.953125,2,2
184a02e,4,4.65625,5,5
53483f1,3,3.046875,3,3
e71d471,3,2.40625,2,3
f4c0e9a,4,3.65625,4,4
0890e40,3,2.03125,2,2
7a31834,3,3.53125,4,4
df662b3,4,3.828125,4,4
5738cb1,3,3.65625,4,4
ef05158,4,4.0,4,4
30720e9,3,3.203125,3,3
6b80d53,2,2.53125,3,3
48c86d8,3,3.375,3,4
b2c9e39,3,3.109375,3,3
3ff2177,4,4.0,4,4
f3b4324,2,1.5546875,2,1
2211051,5,4.53125,5,5
a7154f4,5,5.5625,6,6
6cd2501,3,3.59375,4,4
218d0ed,3,2.171875,2,2
97cf8e5,3,3.0625,3,3
ca698d0,4,3.71875,4,4
3e1faa5,1,2.390625,2,3
7771f66,2,1.6875,2,2
5283e8c,1,1.4765625,1,1
10f74e8,1,1.1328125,1,1
59f5bcf,2,2.046875,2,2
6d893ff,4,3.671875,4,4
93745f9,3,2.8125,3,3
3dce6b8,3,2.1875,2,2
cd50393,2,2.921875,3,3
ffcb061,3,3.28125,3,3
5b21c38,4,3.40625,3,4
5a79f2d,4,2.90625,3,3
d8fe8c6,3,2.96875,3,3
475637e,5,4.5625,5,5
3e63dd4,3,2.34375,2,2
1944ada,5,3.953125,4,4
76dc873,2,2.578125,3,3
274eaf9,3,4.375,4,5
a6447b7,2,2.453125,2,3
acc6d52,2,2.5625,3,3
ec4a337,4,3.484375,3,4
7959105,3,2.796875,3,3
07e11fc,3,3.484375,3,4
fe069d3,4,4.21875,4,4
cd2398d,2,1.78125,2,2
2c23e62,4,3.375,3,4
5ba4509,3,3.0,3,3
0bf39e6,3,2.234375,2,2
b45be45,3,2.1875,2,2
33b29e8,1,0.72265625,1,1
dc22ef5,4,3.765625,4,4
6c27120,2,2.75,3,3
a511e3b,3,2.8125,3,3
a95297f,2,3.109375,3,3
2e091c6,4,1.8984375,2,2
a56c345,4,4.59375,5,5
bb09a77,2,2.1875,2,2
f824156,4,3.8125,4,4
7090fb2,3,3.203125,3,3
62c051c,4,4.0,4,4
80f3404,1,1.9609375,2,2
6641d35,4,3.765625,4,4
761f7e9,4,3.859375,4,4
e277f2c,5,3.640625,4,4
3403e97,2,1.625,2,2
f89c26e,2,2.359375,2,2
91680e1,4,2.9375,3,3
b1b4b79,3,3.671875,4,4
1839865,2,2.203125,2,2
431933e,3,3.359375,3,4
81d56c1,5,4.9375,5,5
ed22963,3,2.328125,2,2
3b7149a,2,1.90625,2,2
86befef,2,2.859375,3,3
8f938f1,2,2.390625,2,3
261fd43,4,3.359375,3,4
49f24e5,5,5.25,5,6
7e2d45b,3,3.0,3,3
cf3e46a,3,3.015625,3,3
7b835c7,2,2.0,2,2
c8dc41b,3,2.8125,3,3
b849d52,2,2.3125,2,2
f94730e,2,2.46875,2,3
c4d3703,2,2.140625,2,2
c1c0b13,4,3.796875,4,4
801957d,3,2.59375,3,3
98dbc96,3,3.15625,3,3
0967e3f,2,2.125,2,2
2e24a93,2,1.7109375,2,2
709c659,3,2.890625,3,3
a19008a,2,1.6796875,2,2
b28b002,4,4.0625,4,4
114187f,2,1.9140625,2,2
bfc8dbd,3,2.984375,3,3
21da225,2,1.921875,2,2
0d3b8e3,3,2.984375,3,3
eee85a5,1,1.8828125,2,2
84a2d6f,3,3.375,3,4
24e6877,3,2.875,3,3
0c5ec1c,3,3.609375,4,4
96c98de,2,2.84375,3,3
0683ac3,3,3.546875,4,4
e2763c4,4,3.90625,4,4
b7bb573,2,2.703125,3,3
f36b244,2,2.421875,2,3
2ba1c54,4,3.953125,4,4
388e90c,3,2.78125,3,3
0163804,4,3.734375,4,4
9cd6ef9,3,3.28125,3,3
40e6472,4,3.53125,4,4
50edf08,4,3.8125,4,4
d4a6345,2,1.625,2,2
246a61a,4,2.90625,3,3
19f4b8e,4,4.21875,4,4
ae1199e,4,3.03125,3,3
6e8053a,2,1.734375,2,2
9745863,3,3.53125,4,4
0dd72fb,4,2.65625,3,3
aa4ff63,2,1.703125,2,2
615ee3d,5,3.453125,3,4
b2dbe18,4,3.375,3,4
d791bad,4,3.96875,4,4
30c1119,5,4.3125,4,4
4313920,3,2.25,2,2
0f01ab8,3,3.03125,3,3
b7d3a07,3,3.359375,3,4
bf2f973,5,4.9375,5,5
d0ee225,4,3.796875,4,4
4b35d62,3,2.984375,3,3
333e2c7,3,2.328125,2,2
e937d8f,3,3.328125,3,3
4f95597,1,0.9453125,1,1
71846cc,3,2.359375,2,2
4b2ed69,4,3.625,4,4
2eeab39,2,1.8515625,2,2
3910d38,2,2.46875,2,3
e88318b,4,3.03125,3,3
c263424,3,3.4375,3,4
0f52764,1,1.5546875,2,1
0de71cb,4,4.71875,5,5
6220638,2,1.65625,2,2
05b31a1,3,2.890625,3,3
a5d517d,3,2.28125,2,2
9b9dd02,5,4.5,5,5
37aae1b,4,4.09375,4,4
75a3e5b,4,3.203125,3,3
3fb7516,5,4.46875,4,5
0a919e5,3,2.9375,3,3
103c22b,2,1.8203125,2,2
54e4e14,3,3.46875,3,4
7d1e3a3,3,2.5625,3,3
5e7b9c2,4,3.765625,4,4
225c5ce,4,3.859375,4,4
a933833,2,1.8125,2,2
bca103a,3,2.890625,3,3
f32aed5,2,2.1875,2,2
d9c3ff1,5,4.25,4,4
4451061,3,2.578125,3,3
5d56c67,3,2.984375,3,3
1b3b9bf,3,2.796875,3,3
a8621aa,4,4.0625,4,4
5d65b58,3,3.34375,3,3
2997d0c,4,3.21875,3,3
e217305,2,2.078125,2,2
0e7154c,3,2.984375,3,3
80dd74e,2,1.609375,2,2
fed3c1f,5,4.90625,5,5
ce42bad,2,3.578125,4,4
0514ba2,3,2.59375,3,3
f521345,3,1.9765625,2,2
2e0b133,3,2.84375,3,3
cb2fcde,3,2.21875,2,2
29fb0d0,4,3.609375,4,4
3a035fb,3,2.234375,2,2
6119fea,3,2.375,2,2
ab410e4,1,2.0625,2,2
8c39899,3,3.0,3,3
f64b2f4,3,3.8125,4,4
4afe435,4,3.234375,3,3
6b1c3b0,3,2.453125,2,3
6fda4ad,3,1.71875,2,2
d3899c9,4,3.640625,4,4
b1bceaf,2,2.265625,2,2
1b58375,3,2.46875,2,3
c4ae4af,2,1.3203125,1,1
1430d38,3,2.71875,3,3
6bd256c,4,2.890625,3,3
f083f08,3,2.875,3,3
1d8e8c7,5,5.125,5,6
fecd35f,3,2.046875,2,2
728d1cc,3,2.8125,3,3
d1990dd,3,2.546875,3,3
72af48d,2,1.8984375,2,2
65e8a2e,2,1.65625,2,2
1d9859e,2,2.125,2,2
1bbd2aa,4,4.25,4,4
48b771c,5,4.78125,5,5
3f27618,3,2.78125,3,3
c90ba1a,3,2.5625,3,3
ae3c7be,3,1.96875,2,2
c2f586f,4,3.8125,4,4
4371a14,2,2.6875,3,3
68814ce,3,2.6875,3,3
266c5f7,2,1.828125,2,2
90e7cdf,3,2.921875,3,3
b23c02c,6,5.15625,5,6
7c00e6a,3,2.328125,2,2
50b6c97,3,2.90625,3,3
9b119ed,4,3.6875,4,4
a38244e,3,3.015625,3,3
8520c0b,3,2.53125,3,3
48cb4cd,2,2.09375,2,2
6162b21,3,2.453125,2,3
4c12021,3,2.3125,2,2
9507ed0,1,0.68359375,1,1
03ce0a7,4,3.359375,3,4
c1ffeb5,6,5.40625,5,6
389c7bf,4,3.125,3,3
4c51970,3,2.484375,2,3
c98f82e,3,3.21875,3,3
6ef582f,2,1.75,2,2
30055de,3,3.15625,3,3
ebdbc6b,2,2.40625,2,3
c2a9c8b,3,3.296875,3,3
0882383,3,3.0,3,3
235fab2,4,3.265625,3,3
64884d6,4,3.59375,4,4
8440e18,3,3.4375,3,4
dd3e34b,3,3.40625,3,4
80f1d45,3,2.59375,3,3
632016d,2,2.28125,2,2
5aa1385,2,2.78125,3,3
2a447bd,3,1.5234375,2,1
dde0bcf,6,4.53125,5,5
5d628ad,2,1.5546875,2,1
fb3b110,5,5.25,5,6
b1686af,2,2.140625,2,2
3502893,2,1.9921875,2,2
00d576b,1,2.71875,3,3
a3ea1a6,4,3.4375,3,4
652db13,3,3.203125,3,3
e0fba9c,2,1.8203125,2,2
90ea4f5,3,2.515625,3,3
1a8f50e,2,2.390625,2,3
8d678bc,4,4.25,4,4
84a1b1a,1,2.28125,2,2
dcbba07,2,1.9140625,2,2
632e02a,1,0.98828125,1,1
2be1641,3,4.125,4,4
9223aaa,2,2.015625,2,2
b5c7c78,4,4.59375,5,5
db30849,4,3.34375,3,3
bf903ae,4,3.53125,4,4
290f452,3,3.09375,3,3
f3c0613,2,2.25,2,2
c9670b6,2,1.9609375,2,2
e4b6025,3,2.0625,2,2
c762f49,2,2.21875,2,2
c5b8da8,4,4.03125,4,4
488a448,2,1.1015625,1,1
e9848b4,4,3.484375,3,4
919933a,1,1.2421875,1,1
319d071,1,2.203125,2,2
f32e6b9,3,3.078125,3,3
f9b899d,1,1.203125,1,1
6203d5a,3,2.953125,3,3
f13820a,1,1.8203125,2,2
c9b1df1,2,2.765625,3,3
bac389a,3,3.21875,3,3
931a807,3,2.296875,2,2
6ebd8ca,3,2.015625,2,2
2cca23b,2,2.0,2,2
fa4067f,3,2.84375,3,3
1b826b9,4,3.53125,4,4
308d061,3,3.78125,4,4
7e60dc6,4,3.5,4,4
18d3320,4,4.53125,5,5
39a9978,3,2.65625,3,3
a5a15b6,2,2.71875,3,3
b109c0d,3,2.921875,3,3
1cc6be8,4,3.59375,4,4
744604b,4,3.15625,3,3
cff70d1,3,2.453125,2,3
f3b3d3b,4,4.0625,4,4
34ff174,3,2.421875,2,3
15dc62e,4,3.078125,3,3
6e0cafb,3,1.8125,2,2
ec6b6c1,2,2.390625,2,3
0df2499,1,1.5234375,2,1
0802a6e,2,2.0625,2,2
15ec1e4,4,3.515625,4,4
82ed376,3,2.90625,3,3
fb1eb8c,4,4.0625,4,4
7e8e2c9,2,2.59375,3,3
ca5a507,3,3.734375,4,4
4a3eac2,4,2.640625,3,3
04db8d6,3,2.375,2,2
4a0bbf4,4,2.421875,2,3
b0c3e04,3,1.7890625,2,2
b75b4f6,4,3.421875,3,4
f561cd9,3,4.0,4,4
6a9c23d,3,2.65625,3,3
ed1ed8d,3,2.96875,3,3
0f7c6f3,2,2.0,2,2
12b48f2,2,2.375,2,2
398495a,3,3.5,4,4
d8be4d2,2,1.9375,2,2
a624fc4,3,2.984375,3,3
409deea,4,4.25,4,4
5d43879,2,1.734375,2,2
051c46a,3,3.125,3,3
841f4aa,3,3.25,3,3
8b3551b,3,2.8125,3,3
df83cb3,2,2.015625,2,2
e3c135a,4,4.3125,4,4
fd7c28d,1,1.5625,2,1
8dba23e,5,5.59375,6,6
3bbcac0,1,2.59375,3,3
97c2344,2,1.8203125,2,2
65fd016,3,2.640625,3,3
dbbaa3b,2,2.671875,3,3
52d5d9f,3,2.546875,3,3
1314aa2,2,1.8671875,2,2
b5a9e91,4,2.875,3,3
b70e1f2,5,4.125,4,4
5c80ce4,2,2.78125,3,3
4f00e86,2,2.59375,3,3
7fc2116,2,1.6171875,2,2
5bfc916,3,3.203125,3,3
a426ae4,4,3.046875,3,3
8b3111d,2,2.484375,2,3
1a8c6b7,2,2.0,2,2
495bc06,4,4.03125,4,4
287a0b6,2,1.8359375,2,2
655eb93,3,2.703125,3,3
47c501e,2,1.703125,2,2
22c53d1,4,3.46875,3,4
17e28c2,3,4.0,4,4
20fa155,2,2.515625,3,3
a0231b6,2,2.28125,2,2
1578371,3,3.859375,4,4
f63856f,3,2.6875,3,3
eaf94fd,4,3.75,4,4
af816ec,4,4.40625,4,5
ba19fe4,2,2.203125,2,2
4a2dcc3,3,3.203125,3,3
609bb56,3,2.71875,3,3
19e5e8b,2,1.6796875,2,2
9a00c0a,2,1.8203125,2,2
dbd6b54,3,2.0625,2,2
0331f55,4,4.0625,4,4
19b167b,3,2.390625,2,3
876a311,2,1.8828125,2,2
5057e4f,2,2.125,2,2
b308cb8,4,4.21875,4,4
6196d6e,1,1.109375,1,1
da550db,2,2.6875,3,3
eab2b06,5,4.0625,4,4
7ccba59,2,1.546875,2,1
27f3259,2,3.15625,3,3
7b7bb8c,2,2.453125,2,3
bff0f17,2,3.296875,3,3
8d1fd2d,4,3.34375,3,3
cbf0828,3,2.640625,3,3
23b30d1,3,2.78125,3,3
8f3ee69,4,2.421875,2,3
3a97cf5,2,2.328125,2,2
e187cd5,3,3.25,3,3
10ff341,2,1.6640625,2,2
b92d9e6,4,4.1875,4,4
9e0bd1d,2,2.625,3,3
d799e31,3,4.09375,4,4
6771a50,5,5.0625,5,6
2ee0a0e,3,3.296875,3,3
394b71b,6,5.125,5,6
27c1469,3,2.328125,2,2
192f5f6,2,1.3671875,1,1
d227acb,5,4.625,5,5
dd98213,3,2.9375,3,3
e3499a3,3,3.0,3,3
4e45fca,2,2.421875,2,3
96bdea7,4,3.734375,4,4
c902512,2,1.984375,2,2
7224fb1,4,3.109375,3,3
6bfcb0e,3,3.71875,4,4
92b6683,2,1.375,1,1
355c999,3,3.96875,4,4
92c1fff,3,3.109375,3,3
8c8824c,4,3.25,3,3
186ee0a,2,2.328125,2,2
b889521,4,3.4375,3,4
247b49d,5,4.03125,4,4
aee6bc8,4,4.3125,4,4
225fcb4,3,2.90625,3,3
2fac54b,2,1.359375,1,1
65fef82,3,2.53125,3,3
7532cb7,5,5.1875,5,6
79a9cda,2,2.203125,2,2
5a5d37e,4,3.875,4,4
7728caa,3,2.0625,2,2
1acb118,3,2.546875,3,3
91732ad,3,2.6875,3,3
fbde6e5,5,3.859375,4,4
1782cc8,1,1.34375,1,1
26e8ddf,4,3.640625,4,4
2bab4f9,3,3.40625,3,4
9e219bb,1,0.89453125,1,1
a529909,5,4.71875,5,5
c1d51d8,4,3.46875,3,4
d8a5142,2,3.46875,3,4
b2c4a9a,2,2.265625,2,2
25f2e66,3,2.8125,3,3
422e6e7,3,3.359375,3,4
3a74972,2,2.421875,2,3
7586619,4,3.40625,3,4
af651d3,4,3.90625,4,4
6094ebe,2,1.7578125,2,2
e957d67,4,3.453125,3,4
022d72e,3,2.6875,3,3
d6ee819,4,3.53125,4,4
2050ae7,3,2.4375,2,3
b475e54,4,3.234375,3,3
7a6c02a,3,2.1875,2,2
0d125d4,4,3.34375,3,3
7c2212f,3,3.109375,3,3
d644651,3,2.8125,3,3
db600cd,2,1.9296875,2,2
4720230,5,4.1875,4,4
824469b,4,3.015625,3,3
65ef7b2,2,1.984375,2,2
d6c80ef,2,1.9375,2,2
af28d71,2,1.765625,2,2
9a7ebcc,2,2.53125,3,3
2b57626,2,1.9921875,2,2
53e4b2e,2,1.8671875,2,2
b6924c6,4,4.03125,4,4
3279351,2,2.0625,2,2
7ff2111,2,2.125,2,2
8047cea,4,2.890625,3,3
3a0686c,3,2.890625,3,3
81ff8cd,3,3.296875,3,3
7899c04,3,2.9375,3,3
2f1d781,1,1.0546875,1,1
8cf1c57,4,4.15625,4,4
c2d5fa5,3,3.578125,4,4
06c3439,2,2.0625,2,2
e3dcfd6,4,3.28125,3,3
11d9f84,1,1.5078125,2,1
c9de718,5,4.5625,5,5
fbc4427,2,1.8359375,2,2
bd9b557,2,1.640625,2,2
1e07d3d,4,3.8125,4,4
fc60c05,4,3.390625,3,4
2807acf,3,3.078125,3,3
76f8404,4,1.984375,2,2
d29de25,2,2.3125,2,2
81852ee,1,1.4140625,1,1
39aa8f8,3,2.78125,3,3
ec674e1,3,3.28125,3,3
50ae2b0,3,3.53125,4,4
da2f2c8,3,4.59375,5,5
0a6ac75,1,1.0859375,1,1
0ba4fc3,3,3.046875,3,3
870a2fd,3,2.59375,3,3
4f56177,4,4.03125,4,4
c0ac244,3,2.609375,3,3
c81baf7,5,4.25,4,4
c18b4b1,5,5.03125,5,6
dc76991,3,3.046875,3,3
de88ce9,2,2.1875,2,2
13a8ba8,3,3.640625,4,4
5f0c4d9,4,3.96875,4,4
95197d9,4,3.265625,3,3
07b76d3,4,3.671875,4,4
4ab6958,1,1.4375,1,1
bda3f1b,2,2.53125,3,3
c8d2ad9,4,4.1875,4,4
3323064,5,4.40625,4,5
6e84049,3,2.171875,2,2
6a8b8ab,4,3.328125,3,3
7ffc1a6,4,4.40625,4,5
c9f30e7,4,3.796875,4,4
ac63e57,2,1.4375,1,1
88441d4,3,2.234375,2,2
