essay_id,score,raw_prediction,prediction
df1d356,3,3.5703125,4
9f4696c,4,4.109375,4
efc94e3,2,2.8671875,3
6a7fada,4,3.37890625,3
6b68b37,3,3.07421875,3
f994f56,3,2.41796875,2
43b21f7,3,3.5390625,3
20d9bb9,3,3.2578125,3
2be962b,3,2.640625,3
df2725e,3,2.5859375,2
1c7e08b,3,2.97265625,3
87ce827,5,4.7109375,5
aa15257,4,2.68359375,3
0aa6277,1,1.373046875,1
716bea4,4,3.484375,3
f114047,4,2.671875,3
a62b401,4,3.859375,4
e910c29,3,3.05859375,3
d6f5942,3,2.63671875,3
0c8abe3,3,2.3984375,2
26aa2e8,1,2.484375,2
839a2b5,4,4.5625,5
00a6e71,2,3.08203125,3
1a651c3,1,0.90234375,1
8a1fcce,2,2.35546875,2
d4240bf,4,3.703125,4
86c0189,3,3.5859375,4
a1247d7,2,2.33203125,2
822982a,6,4.73828125,5
976f65c,2,1.68359375,2
3af8e31,2,1.400390625,1
ddc1dce,2,1.994140625,2
cfbcfc7,4,3.1484375,3
398be0d,2,1.546875,1
27c933b,3,3.4375,3
2ce9900,2,1.935546875,2
62d7e39,4,3.79296875,4
a00b247,6,5.1953125,5
83cd1ec,2,2.76953125,3
b355884,1,1.146484375,1
dbdaa1c,2,2.17578125,2
1b832aa,4,4.234375,4
126c1a9,4,3.9375,4
21ebb27,2,2.375,2
6d18a3c,2,2.16796875,2
e51bf95,3,2.76171875,3
81d7947,4,3.27734375,3
55f8696,2,1.98828125,2
8623f4a,2,1.375,1
8a4316d,1,1.49609375,1
c24e037,3,3.51171875,3
72c20d3,3,3.29296875,3
8eb325a,3,3.45703125,3
111fe95,3,2.70703125,3
9d40e4e,2,2.09375,2
05dcee6,2,2.66015625,3
4467522,2,1.869140625,2
4b39f05,2,2.9296875,3
8392f69,4,3.84375,4
a17d69e,2,2.68359375,3
f2a732f,5,5.203125,5
b456753,3,3.87109375,4
9888e23,3,2.55859375,2
80c09f7,3,3.0,3
d8ac048,3,3.3515625,3
f6ff58e,4,3.25390625,3
8379b43,3,3.04296875,3
fee79ef,2,2.421875,2
b1f3891,2,1.8203125,2
2dd5ab9,3,2.71484375,3
8d735cb,3,3.3125,3
729b908,3,2.9921875,3
c54f667,3,3.75,4
22493ac,3,2.6640625,3
d4d961e,2,2.2578125,2
f5d2778,3,3.33984375,3
5a245d7,2,1.76171875,2
3c126dc,4,4.4453125,4
9e5cbf8,2,2.53515625,2
5e2079a,5,4.734375,5
53761b9,2,2.93359375,3
07ce28e,3,4.078125,4
33b12bc,4,2.73828125,3
917dd2e,3,2.20703125,2
264856a,5,5.09375,5
99278f9,3,3.625,4
f4c6509,5,4.390625,4
5be08a8,2,2.41015625,2
2810399,2,2.08203125,2
2eca07c,2,2.3125,2
ff74f94,5,5.6484375,6
8d8c4a0,3,3.84375,4
ac3fbb4,4,3.75390625,4
536f737,3,2.859375,3
0b568f9,3,2.77734375,3
efca066,2,2.3828125,2
703ac27,1,2.78515625,3
8d19eb4,2,2.42578125,2
833f55c,2,3.10546875,3
f999185,2,1.955078125,2
6af0db6,3,4.390625,4
9103420,3,3.078125,3
235422a,3,2.19140625,2
3fd037e,3,3.75390625,4
80365d2,4,4.6328125,5
e464b92,2,2.5390625,2
cb95cc1,2,1.859375,2
a42decc,2,2.57421875,2
ae0a4a4,5,5.1171875,5
e9831f4,6,5.1484375,5
2c70dc8,3,2.41796875,2
8e1c0ef,5,4.9921875,5
d33e136,1,1.48046875,1
490415c,3,3.42578125,3
a63ff90,2,1.970703125,2
2414f7f,3,2.66015625,3
ad15b8d,4,3.79296875,4
3594401,2,2.578125,2
5cefbf4,4,4.265625,4
6f280f2,3,2.69921875,3
1f1d392,1,0.6513671875,1
128467a,3,3.375,3
6de7901,3,2.88671875,3
6611c2f,1,0.9423828125,1
0e6da97,2,2.703125,3
773930f,2,2.953125,3
2eb95cd,4,3.57421875,4
2d41e61,3,2.31640625,2
c94c5d6,3,2.46875,2
8f864b4,2,1.994140625,2
49a6fc5,3,3.3984375,3
735327e,4,3.94140625,4
22272c7,3,3.5859375,4
f13930a,3,3.2265625,3
aac60d1,2,1.810546875,2
4ce2007,4,3.7890625,4
4f35aa5,4,3.8828125,4
140b6e1,3,3.109375,3
3933370,2,1.904296875,2
396c150,2,2.05859375,2
4f0b392,2,1.630859375,2
39b6d1e,3,2.84375,3
59e3ebc,4,2.9765625,3
6725752,1,1.318359375,1
a4d1beb,5,4.6015625,5
135c9a2,3,3.3515625,3
d44bfdb,4,4.296875,4
75df1c0,4,3.98828125,4
dee5325,5,5.578125,6
9870786,2,2.0234375,2
6e37111,3,2.4375,2
c591447,3,2.71875,3
2a2d8ba,2,1.814453125,2
5d33141,5,5.125,5
2d1c466,4,3.4375,3
ab81c08,4,4.734375,5
e818b4e,4,3.87890625,4
95bfe2c,2,1.5390625,1
039b748,4,3.6953125,4
18afcad,2,3.16015625,3
abcb3e7,2,2.0703125,2
fac246b,1,1.220703125,1
7c8732f,3,3.3359375,3
fcefbf5,3,2.1875,2
3d19d5a,3,3.80859375,4
33ef0e3,3,3.25,3
905f9fb,2,2.54296875,2
f492772,2,1.837890625,2
5997fe1,1,2.5390625,2
972d424,1,0.8994140625,1
682f691,1,1.384765625,1
41de9e7,4,3.72265625,4
d57a1f8,3,3.62109375,4
f977d0d,2,2.53125,2
a367429,3,2.9375,3
46947bc,4,3.58984375,4
34a1dfd,2,2.013671875,2
7416c35,4,3.12890625,3
e9c7523,2,1.814453125,2
66724f4,3,2.76171875,3
83213c9,5,4.859375,5
7016205,5,5.2265625,5
6158b5b,5,4.5625,5
232c896,4,3.23828125,3
e4ceb7c,2,1.669921875,2
770a4ad,3,2.0078125,2
ee0dfaf,3,3.05078125,3
0d3ae64,2,1.974609375,2
1a17d8e,2,2.890625,3
c4a0ea8,4,3.75390625,4
6fcd793,4,3.88671875,4
25e255c,3,2.66796875,3
3272c5f,4,3.27734375,3
89dfaf4,4,4.3046875,4
da8d8d2,1,1.64453125,2
450420e,2,2.9765625,3
6502bc2,3,2.859375,3
0dcce8c,3,3.7109375,4
6beb899,4,4.765625,5
bb2dd28,4,5.046875,5
44f4b61,2,1.888671875,2
00f3984,2,2.640625,3
7ea337f,3,3.40234375,3
e930068,2,2.40625,2
0123792,4,5.1796875,5
0079f2a,2,1.26171875,1
d4b08dd,2,2.005859375,2
2d4f2c1,4,3.4296875,3
537261d,2,1.943359375,2
ab1dd33,3,3.2734375,3
7570efd,5,3.71875,4
728ed08,3,2.5,2
7f9f257,4,3.83984375,4
31c0221,2,2.125,2
a8f9c65,4,4.265625,4
e381cf4,4,3.7265625,4
bd220fc,3,3.5546875,4
cc12684,3,1.541015625,1
5a3698b,3,2.53515625,2
9431736,2,2.50390625,2
2c6bc1c,3,2.76953125,3
82a94a8,2,2.4140625,2
5286e2b,3,3.40625,3
0640912,4,3.40625,3
ade54fc,4,3.48828125,3
1fbb311,4,4.15625,4
13dea5a,4,5.2734375,5
d0bbee3,5,4.953125,5
4a12dd2,3,2.703125,3
1b9b518,4,3.4609375,3
caba4d4,4,3.6875,4
ba60110,5,4.7265625,5
dfac493,5,5.125,5
c841116,2,1.630859375,2
5ae32d2,5,5.0390625,5
5891bcf,4,4.28125,4
8b69b1d,3,2.67578125,3
2e44715,2,2.08203125,2
34b8b55,2,2.21484375,2
4cfae34,1,1.828125,2
aa03232,1,1.095703125,1
9e3c014,1,2.8203125,3
362a2d1,5,4.7890625,5
4e38bab,3,2.5390625,2
4f719e3,2,2.26953125,2
a199d01,3,1.462890625,1
8f589bb,5,4.6796875,5
2d04b73,3,2.203125,2
ce6c762,4,3.24609375,3
33e2c15,4,4.3984375,4
dabd869,3,2.9765625,3
b3e96f4,2,2.41796875,2
2dc2c45,2,1.55859375,1
a82d3dc,2,2.140625,2
f08a63c,3,2.7578125,3
2ca50cd,5,4.0546875,4
26c90a0,4,5.3828125,5
d86032f,3,2.34375,2
1f535d8,3,2.54296875,2
3654052,3,2.076171875,2
430d70e,4,3.375,3
a87243c,1,1.234375,1
0c66cb3,3,3.2421875,3
5fbd3bf,4,4.3515625,4
a5254a8,3,3.25390625,3
4991728,5,4.640625,5
1bb47b4,1,1.9296875,2
db698da,2,2.16796875,2
fb9fd40,2,3.1015625,3
5547307,4,3.375,3
c6c6853,2,1.908203125,2
6862c30,2,2.3203125,2
822ec7e,5,4.7109375,5
4687b25,2,1.970703125,2
cdf420a,3,2.546875,2
5b0850d,2,2.3046875,2
1eccede,5,4.6171875,5
b6b4127,2,2.0390625,2
36dd8e8,2,2.1484375,2
497b7e7,2,2.24609375,2
3bef3a5,1,0.82421875,1
58ce9cc,3,3.34375,3
9a958aa,6,4.546875,5
5efebdb,3,3.41796875,3
a5d543d,2,2.0,2
6972b2f,4,3.7109375,4
ed3db62,3,3.3359375,3
1a05aeb,2,2.1484375,2
86a61e8,2,1.919921875,2
a47e10e,2,2.296875,2
5e27ec0,4,3.78515625,4
e7ae41e,3,2.9765625,3
bb2243a,2,3.03125,3
44a3cae,4,4.5625,5
cd08ad7,3,2.16015625,2
c74afc4,2,1.189453125,1
5b6c75f,2,2.1484375,2
64ece45,5,4.5859375,5
dfbaca5,3,2.62890625,3
e92a980,3,1.708984375,2
bdc77e4,3,1.0478515625,1
83b61bd,4,3.5703125,4
1845963,2,2.203125,2
c41bf97,2,1.29296875,1
73c8e82,3,4.08984375,4
a69a7e8,3,2.70703125,3
fdfee4a,3,3.21484375,3
0c82120,2,2.453125,2
2ded98d,2,1.876953125,2
e092b77,2,2.18359375,2
4373c2c,1,1.09375,1
fc5bc76,2,2.3828125,2
9c637a9,5,4.06640625,4
213b477,2,2.5859375,2
f43f81c,4,4.4140625,4
5be2475,4,4.296875,4
9e7f5bd,3,3.625,4
b10a002,5,4.359375,4
61a52de,3,2.4453125,2
bd1ac91,2,1.916015625,2
735f77f,2,2.46484375,2
7ca5e5f,2,2.4453125,2
d62d027,2,2.671875,3
bf76087,3,2.8125,3
74dfb32,3,2.91015625,3
25588ad,3,4.21875,4
f30f924,2,1.482421875,1
edae929,3,3.22265625,3
43b4de2,5,4.484375,4
fce105d,4,4.296875,4
b9dce72,4,2.8984375,3
9bd955d,1,1.25,1
fb114d1,3,2.75,3
613a17f,3,3.1640625,3
d72abd4,4,4.02734375,4
6f8353a,5,5.03125,5
141c149,4,2.859375,3
7060c69,4,3.49609375,3
49f2f88,3,2.71484375,3
24701c6,3,2.7890625,3
827ffc5,2,1.611328125,1
be5d252,3,2.14453125,2
663a45e,3,2.91796875,3
0318358,3,3.01953125,3
fd00c18,3,1.62109375,1
3abfed1,3,3.62890625,4
6ed1320,3,3.96875,4
9a638cb,4,4.9765625,5
25b8754,3,2.08203125,2
9082c97,3,2.796875,3
89666d9,2,2.3671875,2
d24f674,2,2.4453125,2
8826760,3,2.7734375,3
c03d757,4,4.1640625,4
a255252,4,3.90234375,4
186845e,2,1.951171875,2
783d431,3,2.98046875,3
818e2c1,4,3.62109375,4
ece2415,2,3.1484375,3
ec2cc36,2,3.03125,3
483511a,4,4.8359375,5
fd4a469,3,3.328125,3
bbcf9b5,2,2.37109375,2
13aa520,4,4.3125,4
d192fed,2,1.5234375,1
f7da238,4,3.328125,3
4bde983,4,3.828125,4
250a6cf,3,2.56640625,2
19819e9,3,2.91796875,3
325ec31,3,2.76953125,3
161797f,2,2.3359375,2
f2b2280,1,1.408203125,1
afe12bb,2,1.947265625,2
8cd665c,3,2.90234375,3
6c73910,2,2.0078125,2
d751233,2,1.873046875,2
130c73a,4,3.6328125,4
5422580,4,3.30078125,3
f0e57f1,3,2.390625,2
4633c99,2,1.96484375,2
c6eb3cf,4,3.4453125,3
5047f10,2,1.712890625,2
aac6aa3,3,3.59765625,4
7c9812d,2,2.36328125,2
f4b4d72,3,4.2890625,4
4999445,4,3.53125,3
854b4e9,4,4.08203125,4
252141e,2,2.22265625,2
1cd1479,2,1.87890625,2
5d7b9ba,3,3.1328125,3
2d356a1,5,4.546875,5
2ddb97e,3,3.3046875,3
5413de8,3,2.515625,2
34b6263,4,3.73828125,4
234a75d,3,3.07421875,3
f4a9eb7,2,2.17578125,2
6ba3d12,4,4.0546875,4
22eb6fa,5,5.0234375,5
22312c6,1,1.61328125,1
39f8317,3,3.73828125,4
7fb27b8,4,3.65625,4
abc960f,1,0.703125,1
b7cdb3d,3,2.51953125,2
3d9c1c0,3,3.18359375,3
dce820f,3,2.9765625,3
d680429,3,2.84375,3
2d6e6d4,4,3.93359375,4
095f993,3,2.8515625,3
b176e16,4,3.796875,4
f4563ff,2,2.9765625,3
d4e815d,4,3.3828125,3
ff4bc0c,3,1.9453125,2
d8326c4,3,2.80859375,3
4152101,4,4.6328125,5
8c7ca7b,4,4.65625,5
5b79a2b,3,2.34765625,2
a8294d1,1,0.958984375,1
10e68a9,2,1.435546875,1
0a9488d,6,5.703125,6
1c71060,4,3.125,3
5069938,1,1.314453125,1
62aae76,3,3.68359375,4
3b0840a,2,2.3203125,2
2d1f0e7,3,3.09375,3
2934387,4,4.5625,5
815d549,2,1.359375,1
4548eab,1,2.03125,2
d08d9e1,3,2.64453125,3
8988281,2,2.54296875,2
f1f6379,1,1.349609375,1
2f46e1d,3,1.380859375,1
14cfa29,3,3.5078125,3
e363a0c,4,4.2109375,4
b109620,3,2.84765625,3
dd32ed4,4,4.0703125,4
a73f574,4,3.671875,4
64fe59a,2,2.48046875,2
2f6584c,2,2.12890625,2
adeba74,2,1.720703125,2
7d50cf8,2,1.837890625,2
1739d66,4,3.51171875,3
0b9274e,3,3.98046875,4
fa4b8a4,3,3.46484375,3
4dc4665,2,2.5,2
328aee6,3,3.16015625,3
6f109fd,5,4.90625,5
ede9eca,3,3.25390625,3
23e5178,3,2.7109375,3
6fa9527,4,4.09375,4
dea2449,1,1.59765625,1
eb0d188,3,2.96875,3
1758d4d,5,5.046875,5
25ccf21,4,3.40234375,3
5ace3fa,3,3.31640625,3
8767f3b,2,1.71875,2
bce730f,3,3.2421875,3
4735e4c,2,2.24609375,2
11b3326,3,2.2890625,2
26f358b,4,4.3671875,4
5bca159,5,4.5546875,5
9fc96de,2,2.69140625,3
a07f7d0,4,3.9140625,4
eb16c06,4,3.36328125,3
ff19540,4,4.796875,5
3990b13,1,1.505859375,1
247e418,3,2.95703125,3
a2603aa,3,3.47265625,3
16b44a4,2,2.73046875,3
ddc5a22,3,2.875,3
8d2a95c,3,3.5625,4
fde3272,3,2.75390625,3
e01a546,3,2.046875,2
ab0ffaa,3,3.20703125,3
793e363,4,3.75390625,4
b0e595a,3,3.12890625,3
b6d2705,6,5.2421875,5
3a20378,3,2.56640625,2
ae61d9c,1,1.271484375,1
07a14a5,6,4.2421875,4
1585281,2,2.38671875,2
f49f96f,4,2.94921875,3
6ad33dd,4,3.78125,4
144cd37,3,2.73046875,3
ac53b48,4,3.671875,4
3f7c2d8,4,3.6015625,4
13b3e1f,3,2.71484375,3
2617ac7,4,4.328125,4
807972f,3,2.6484375,3
d8338f9,4,2.859375,3
dd770d8,4,3.50390625,3
7f681fe,3,2.16015625,2
32ddb3a,3,3.45703125,3
381c00c,2,1.283203125,1
1bae5bf,3,2.16015625,2
70bb147,3,3.5859375,4
10a4863,2,2.98046875,3
82d055f,5,5.2421875,5
4b434e1,5,5.171875,5
217c2ee,4,4.984375,5
18ad0fa,3,2.63671875,3
fe4c46f,3,2.7890625,3
b086887,3,2.8984375,3
e24bc2b,4,3.453125,3
f2f350b,3,2.25,2
1621180,4,3.9921875,4
fc63f37,3,2.6171875,3
7d9a963,3,2.51953125,2
5c57d50,2,2.18359375,2
1cfb413,3,3.4921875,3
38c496c,3,2.2734375,2
25a6704,4,4.078125,4
969cb92,4,4.28125,4
5af2cfe,5,4.2578125,4
cb1522b,4,3.55859375,4
80cbc93,3,3.02734375,3
a1dc706,1,1.951171875,2
aa0bd36,2,2.1640625,2
897a51a,2,2.41015625,2
7b9f86d,4,3.37890625,3
1f008dc,2,2.64453125,3
faa9fe2,3,3.66015625,4
809939b,3,4.25,4
36340af,4,3.2734375,3
63d70fa,3,3.6328125,4
53ef2d4,3,2.96484375,3
0e222f1,3,4.1015625,4
7cc6019,3,2.23828125,2
ad87f74,3,3.1484375,3
126b69a,4,3.7734375,4
b73a7ab,2,2.18359375,2
8cfc1df,2,1.82421875,2
e2ec643,3,2.75,3
58c42d8,4,3.6171875,4
c173c02,5,4.5703125,5
0e426b4,2,3.5546875,4
4d2c60f,3,2.75390625,3
b305cf7,4,3.55859375,4
6665abd,3,2.28515625,2
7d1bcdd,3,2.029296875,2
49b3030,3,2.7265625,3
b60b996,3,2.7421875,3
fa0e53e,2,1.927734375,2
b1682f4,4,4.15625,4
60db628,3,2.9921875,3
4cbcf7f,3,3.41015625,3
ab45303,5,4.734375,5
504953b,4,3.40625,3
e6e9441,4,3.49609375,3
255b12f,3,2.87890625,3
f19ed9c,3,2.8125,3
a0ebb9d,3,2.5390625,2
2dd56e8,1,1.16796875,1
723c2ad,3,3.6796875,4
a52306b,3,2.81640625,3
cd1df72,1,1.04296875,1
9e9a1d4,4,3.95703125,4
bcc379e,3,4.1796875,4
c61d32d,4,4.125,4
507d9d0,2,1.98046875,2
2aa01a0,5,4.5546875,5
1ef0af4,3,4.109375,4
0f5c12f,4,4.1171875,4
23748b3,3,3.015625,3
203dcec,4,4.5234375,5
2dba1aa,1,1.677734375,2
ec094aa,3,3.46484375,3
3b20a11,4,3.74609375,4
1035807,2,1.8515625,2
4b6d0bb,3,3.24609375,3
ebd2317,2,3.0,3
8136c43,4,3.80078125,4
78c8c18,5,5.046875,5
590ddca,2,1.767578125,2
80209f9,3,3.7109375,4
aed76f0,2,2.62109375,3
e872439,2,2.09765625,2
e16157a,2,2.44140625,2
67edd82,2,2.2890625,2
3846b82,2,1.802734375,2
b44edd8,4,3.9609375,4
e6b50a4,1,2.42578125,2
4733890,3,3.57421875,4
2ae04e2,3,2.62890625,3
6f3dc33,2,1.58203125,1
4ed8b25,2,2.7109375,3
d04405b,3,1.95703125,2
862d957,3,4.5625,5
1d410d6,3,3.31640625,3
96b79d0,4,3.02734375,3
8ed6e26,4,3.25390625,3
cc7b185,4,4.46875,4
c0ff68f,3,2.8046875,3
e904906,3,3.96875,4
e8e2728,4,4.421875,4
d5b6859,5,4.703125,5
84bdfb7,2,1.548828125,1
1fdd140,5,4.6640625,5
de3c518,1,1.705078125,2
0b0f882,3,1.90625,2
acffb3c,4,3.43359375,3
0681136,3,2.953125,3
0f6cdb4,3,2.234375,2
fde3769,4,3.359375,3
5ceec09,3,2.7734375,3
2ec5f1f,2,2.90234375,3
a6e087b,4,4.40625,4
7cc6127,2,2.0859375,2
7603cbe,4,4.4609375,4
8152488,2,1.673828125,2
79e39c3,3,1.947265625,2
bd8bf56,2,1.49609375,1
27dce02,4,3.66796875,4
86f34ea,2,2.23046875,2
cf8e39f,3,2.30859375,2
f559aba,4,3.9609375,4
c065798,3,3.21484375,3
b1bd0ec,4,3.375,3
f206358,3,3.45703125,3
428a9b9,2,2.140625,2
59e5c22,4,4.609375,5
4562e98,4,3.46875,3
f370958,3,2.6171875,3
6efef30,2,2.3671875,2
2633709,3,2.3671875,2
16b2a71,3,2.9453125,3
f13a33a,3,2.34765625,2
8423af7,4,3.0546875,3
1b23e99,2,2.734375,3
add6dbe,2,2.0859375,2
fc4ff7b,2,2.3046875,2
802ed80,2,2.46484375,2
17bb4bc,3,2.1640625,2
942f7ca,4,3.921875,4
30ef32c,3,3.0625,3
d09afb5,4,4.8125,5
2ee3686,1,1.08984375,1
ebb6fff,4,4.1015625,4
6bddec6,4,4.5546875,5
3788995,3,3.53125,3
4509c10,3,2.14453125,2
3c82a94,4,3.8984375,4
8107605,5,4.3046875,4
9ab1d8e,2,1.76171875,2
d78d5c9,4,4.7578125,5
b21b1dc,2,2.052734375,2
f1835d0,4,3.63671875,4
d60b8b5,2,1.8984375,2
d2b91e5,3,3.9765625,4
6c209af,3,2.48828125,2
cd76853,1,0.7529296875,1
d100700,5,3.87890625,4
4b3357a,4,4.4765625,4
664676c,4,4.5859375,5
0d91c5e,3,3.89453125,4
a36d110,3,2.55078125,2
1ccaa99,3,3.265625,3
bcd3585,2,1.9921875,2
a54e4af,3,2.75390625,3
b5bca3c,2,2.375,2
10ee01f,4,3.39453125,3
15dede4,5,4.5625,5
6d25307,4,3.4140625,3
1c3aaf7,2,2.25,2
979bea4,4,4.4921875,4
72297fc,2,2.7578125,3
536477f,3,3.28515625,3
3ea421a,3,3.03125,3
c949ffe,2,1.984375,2
cf28308,2,1.81640625,2
2254f30,4,3.48046875,3
dd001c4,4,3.28515625,3
b11d402,2,1.60546875,1
c93e9c5,2,2.02734375,2
473f48b,3,3.36328125,3
5992dc7,4,3.84375,4
93f511e,2,1.85546875,2
04b354e,5,5.046875,5
377e36b,2,2.65234375,3
9d0baaf,2,2.029296875,2
ac51bff,3,3.390625,3
5a1f872,2,2.1171875,2
97aea5f,3,3.171875,3
494d653,2,2.1640625,2
2a7d71d,5,3.90234375,4
6248e6f,4,3.47265625,3
9d4e9b4,2,2.091796875,2
8371fe7,2,2.234375,2
e03444d,3,3.19921875,3
50d3e20,6,5.703125,6
82d0240,3,2.83203125,3
2bd6edc,2,2.2421875,2
7ddb665,3,2.921875,3
ff7020a,3,3.6640625,4
bcbbbd3,3,4.640625,5
96f54c8,3,2.921875,3
b29999d,2,2.1796875,2
bc21ea8,4,4.1875,4
b518165,5,4.734375,5
c8cacc0,3,3.5625,4
0f820c4,1,1.115234375,1
75506d5,3,2.82421875,3
0425a6e,3,3.08203125,3
65a56d6,3,2.51171875,2
287d547,2,2.7421875,3
df32c3c,3,2.48046875,2
e7606cc,3,2.57421875,2
3dcaf37,5,4.375,4
6a3b773,2,2.4921875,2
cd6d09a,4,4.6171875,5
0b23a57,4,3.265625,3
2a52391,3,2.6640625,3
822adb5,5,4.09765625,4
91300cb,2,2.064453125,2
a00ba58,3,2.53125,2
1e44652,2,1.541015625,1
1064c41,2,2.23046875,2
37931dc,3,2.95703125,3
15f29a6,3,3.34375,3
2de483e,3,3.32421875,3
c4dd60a,2,2.7734375,3
65fc8bb,3,3.91015625,4
eb04575,3,2.671875,3
62c2590,4,3.63671875,4
66ced2a,2,1.970703125,2
443c5e7,1,0.818359375,1
8431a92,3,2.38671875,2
f5c7dd4,3,2.83203125,3
11c2e4b,2,1.412109375,1
7e86a5c,4,4.75,5
adc8e8b,4,3.90625,4
1c45114,3,3.60546875,4
80461ae,1,2.18359375,2
e21cc71,2,2.83984375,3
f949ff3,3,3.33984375,3
ac972d8,2,2.85546875,3
bac3c69,1,2.0,2
26ad098,4,3.5078125,3
7d4c87d,1,2.7265625,3
8efa809,2,2.078125,2
69f77d8,4,3.0546875,3
f911b99,5,4.4453125,4
9060cd6,2,2.171875,2
dc3eff7,2,2.74609375,3
38b605a,2,2.16796875,2
c2e134c,3,2.875,3
a1199c5,3,3.21484375,3
7ddf11d,5,4.6015625,5
ca6be42,5,4.4765625,4
9a09520,2,1.283203125,1
f577114,3,3.9921875,4
c9068a7,5,4.546875,5
61eaa75,3,2.79296875,3
54b547a,2,1.943359375,2
8078135,1,0.8447265625,1
7df2309,5,4.0390625,4
0a494e5,3,2.45703125,2
8ee2877,4,3.69921875,4
6c5966a,3,2.9453125,3
b235e94,4,4.671875,5
4721465,2,2.5,2
5b0ae13,4,4.015625,4
c6bc72e,3,2.62109375,3
033a27e,2,1.865234375,2
3aea048,2,2.046875,2
69128c4,3,3.2109375,3
01665d5,3,2.88671875,3
d5149be,5,4.9453125,5
edf05ec,5,4.4296875,4
213de64,2,1.896484375,2
dc13e1b,2,3.88671875,4
03194a0,4,3.296875,3
93fe2af,1,1.349609375,1
784d732,3,2.4296875,2
1c4c81e,4,3.20703125,3
a943ebd,3,3.171875,3
b861ada,2,2.640625,3
21958fc,4,4.5546875,5
e686134,4,4.3125,4
9bcbd42,2,2.3125,2
61e1ab3,4,4.625,5
fe0917e,4,3.7265625,4
421b60f,4,4.796875,5
8bedd80,4,3.2578125,3
b7da861,4,3.84765625,4
14c579b,3,3.0859375,3
c1e7446,4,3.0859375,3
8fca85d,3,3.02734375,3
99e65f8,3,3.11328125,3
eb419a8,5,4.4296875,4
9f7b5da,2,1.88671875,2
60b34ba,3,2.9765625,3
bbfa079,1,0.8740234375,1
3916a44,3,2.421875,2
f180e09,1,0.8046875,1
33f9c31,4,4.01953125,4
80a6291,2,1.939453125,2
8fa96ed,3,2.81640625,3
decd887,2,3.32421875,3
fb794cf,3,2.8671875,3
94f1fce,2,1.298828125,1
c96c6d7,4,3.67578125,4
429a441,2,2.125,2
afb3938,3,2.8515625,3
e063914,2,2.14453125,2
719595f,3,3.453125,3
a0b35e6,3,2.70703125,3
9bcf360,2,1.55078125,1
3168ef6,4,4.75,5
62b41a7,1,1.048828125,1
bce6378,3,3.421875,3
49e78be,2,2.38671875,2
cc77365,5,4.5859375,5
213fc89,3,3.16015625,3
c097714,4,3.90234375,4
1e1d55f,1,2.72265625,3
def966f,3,2.95703125,3
6418384,4,4.359375,4
cef65f8,3,2.8828125,3
fb4c732,3,2.9453125,3
d48339a,1,1.560546875,1
11b679d,3,2.25,2
846d2a2,2,1.7109375,2
78e7a3f,2,2.2890625,2
27d745e,3,2.01953125,2
a0e10ae,1,1.2890625,1
a1fc67f,3,4.02734375,4
9b358e5,1,2.75390625,3
9981ce3,4,4.01171875,4
55ac220,2,2.41015625,2
8009260,3,3.7265625,4
1582312,1,1.20703125,1
8cf6d8b,5,4.859375,5
29f91ca,4,4.08203125,4
2c5f6ae,3,3.0859375,3
a501ce4,2,2.5625,2
560cfe8,3,3.33203125,3
3f19352,5,4.640625,5
5149fd3,4,3.73046875,4
9b13fdc,4,3.22265625,3
27d8c7f,1,1.134765625,1
ba2b771,3,3.84375,4
9a5e60c,3,3.25,3
7784a34,2,2.24609375,2
93f09b0,2,1.783203125,2
036e19b,2,1.439453125,1
7fe5930,2,2.6796875,3
e3b538f,2,2.1015625,2
362d18f,4,4.3828125,4
747c708,4,3.4453125,3
aacafda,3,2.7578125,3
02a9d14,3,2.4296875,2
f2a6de4,2,1.728515625,2
27e50f2,3,2.34375,2
03fb253,2,3.23828125,3
2e37b89,2,2.009765625,2
034dbcf,2,2.052734375,2
413d044,4,3.8828125,4
9806479,3,3.79296875,4
d17e84c,3,3.4296875,3
98e7f31,2,2.60546875,3
27be78b,3,3.515625,3
546556b,2,1.541015625,1
8e56db9,2,1.90234375,2
aa71931,2,2.10546875,2
8ab44d2,3,3.3125,3
551b7f5,3,2.734375,3
ffa77dc,3,2.37890625,2
7d943e5,3,3.2734375,3
898bf33,2,2.73828125,3
059f496,2,2.38671875,2
e02b84d,3,2.65234375,3
eddab2b,6,4.125,4
60b1652,2,2.3984375,2
61efac6,3,2.46875,2
3590bf5,3,3.0078125,3
ec0b21c,2,2.15625,2
2f1718a,4,4.2734375,4
e48896a,3,2.05078125,2
0cb8a22,3,2.39453125,2
cd11d3b,3,2.58984375,3
9b0d0e7,3,2.85546875,3
6c56dcd,1,1.275390625,1
4611cbc,3,3.171875,3
94a3939,2,1.98828125,2
2e95e4d,5,3.50390625,3
56a02b7,4,2.8984375,3
314b42e,4,4.1015625,4
dcff054,5,4.05859375,4
08f22e9,3,2.48828125,2
b9514fb,4,4.0625,4
165ce2a,3,4.1640625,4
15c7e62,4,3.60546875,4
830ada6,4,3.125,3
8fba769,2,2.3984375,2
ff5e20b,3,3.5546875,4
bdb70ab,3,3.3828125,3
4bf08a1,2,2.34375,2
6f30b0c,4,4.0546875,4
d1ec52e,4,3.359375,3
a9aeeba,4,4.375,4
75a696d,4,3.83984375,4
a8193a3,3,3.4453125,3
7d38751,3,3.08984375,3
c25a8dc,3,3.85546875,4
713df60,4,4.140625,4
a826aa8,2,2.17578125,2
10402f2,3,3.42578125,3
7b729ba,1,1.1640625,1
e29f5d5,4,4.4609375,4
c57bd0d,4,3.27734375,3
be6041f,3,2.79296875,3
1f0364d,3,3.484375,3
a40b2d7,3,2.21875,2
807b8d6,4,4.140625,4
d625d1c,4,3.68359375,4
0bbbed5,4,3.7421875,4
8893b2c,5,4.6015625,5
a4b454f,2,2.578125,2
32edbd4,2,1.98046875,2
73adf47,2,2.12890625,2
60f70f2,3,3.12109375,3
d8b7938,2,2.1328125,2
6beaab6,4,3.5625,4
935e748,5,4.46875,4
db77ad3,3,3.6640625,4
5a8ffae,2,1.728515625,2
03da458,4,3.453125,3
acc1e20,2,1.830078125,2
423355a,3,3.42578125,3
ed9ca2f,4,5.171875,5
338cf3b,3,3.49609375,3
fd362ae,3,2.37109375,2
21fb085,2,2.54296875,2
be5c2e7,2,2.005859375,2
9f6fc50,2,1.671875,2
2a1e9ef,2,2.24609375,2
ca310ad,1,0.7763671875,1
5ec9f9d,4,3.98828125,4
200f74f,2,2.1171875,2
6870667,4,4.2265625,4
caebbee,2,2.296875,2
40aea3c,4,4.05078125,4
5d4a2bf,1,1.671875,2
a482ee4,3,3.27734375,3
bd0afc4,2,2.25390625,2
ef29f25,4,3.7578125,4
ec4bb27,4,3.5390625,3
06047ac,2,2.02734375,2
9d21d81,4,3.421875,3
1e2c5f1,3,4.140625,4
f0c190e,2,2.125,2
cdb8686,3,2.81640625,3
ee1f963,3,3.8046875,4
4d6e484,3,3.3359375,3
16e1b85,4,3.078125,3
b0fa8bc,3,2.45703125,2
00a6693,4,4.0625,4
8256551,2,2.4375,2
4656468,2,2.62890625,3
b4a9b4a,2,1.67578125,2
0211cb6,1,1.861328125,2
0ab5467,3,2.24609375,2
f973c05,3,1.169921875,1
66dbd71,3,2.35546875,2
2cd0e7d,1,2.01953125,2
1f500e3,4,4.2890625,4
2c3c7f9,2,1.95703125,2
9af0764,3,3.23046875,3
8db2234,2,2.7734375,3
868d0af,3,2.47265625,2
804d058,3,2.74609375,3
a0bed6b,4,3.51953125,3
78192f8,2,2.021484375,2
f5456ae,3,2.875,3
1f92b35,1,1.236328125,1
a187966,2,2.35546875,2
cc93324,4,4.359375,4
8058404,3,3.0078125,3
aab55ee,2,1.4296875,1
72b2c6e,2,2.51953125,2
cc7e82a,3,2.72265625,3
286ff14,2,2.4140625,2
ffb732c,3,2.375,2
43cd26b,2,3.28125,3
76c4ac9,2,1.814453125,2
8cf3994,3,2.6875,3
37404a5,5,5.2265625,5
4185a2a,3,3.3125,3
605618c,4,4.65625,5
67fcadc,2,2.3046875,2
bf6f0e4,2,1.8828125,2
691ef51,2,2.078125,2
912e059,2,2.59765625,3
cf82152,2,2.029296875,2
d198ebf,1,2.2578125,2
10642eb,2,2.640625,3
3090536,1,1.56640625,1
b9717ba,3,2.62890625,3
d5f3444,1,1.46484375,1
9306f0a,3,1.931640625,2
4ae7748,4,3.68359375,4
169ec25,3,2.93359375,3
e88fa76,2,2.328125,2
ac8fa95,2,2.25390625,2
e1d1b25,3,2.9375,3
32aedc2,5,4.28125,4
67436ca,2,1.810546875,2
34fec4f,2,1.853515625,2
bef3518,1,0.8916015625,1
77cdf2e,4,4.953125,5
722e307,4,3.4296875,3
7781e65,2,1.837890625,2
3de5352,4,3.65234375,4
360214a,4,4.328125,4
0ed8aad,3,3.828125,4
24811c2,4,2.703125,3
179f4f1,3,3.19921875,3
779e9e1,3,3.44921875,3
51d1a18,4,3.5703125,4
4d3f08e,3,3.01953125,3
c84f8c1,2,1.98046875,2
c0c92f8,3,2.76171875,3
d7b59ec,2,2.56640625,2
61a6d4b,4,3.46484375,3
f8cc34f,3,3.78125,4
53c5a91,2,1.955078125,2
def7afe,3,3.43359375,3
b5804d9,4,4.09375,4
f227ea1,3,3.4609375,3
d86072f,1,1.31640625,1
ef27076,4,2.984375,3
6ba8ec4,3,3.515625,3
eceacc7,3,2.89453125,3
90849db,3,3.42578125,3
4bf890b,2,2.1796875,2
fdc85ec,3,3.28515625,3
8ccf443,3,2.94140625,3
84af9b5,1,2.44140625,2
a1902ef,3,2.5625,2
0fe6e52,3,4.5390625,5
851502e,3,3.03125,3
2323c66,2,2.12890625,2
5f471a1,5,4.03125,4
850bbf9,5,4.75,5
629f419,3,3.43359375,3
067a23d,2,1.666015625,2
aeeb0be,3,3.2109375,3
a8dfab2,3,2.9140625,3
8fffb65,2,2.4296875,2
9b765e0,5,3.78125,4
d669dfa,2,1.43359375,1
0bacb0f,2,2.265625,2
32dc789,4,3.58984375,4
ece8404,3,3.5546875,4
7b17381,3,3.453125,3
81e3c04,3,3.0,3
f5e49e4,6,4.625,5
e4a6768,3,3.34375,3
a55e6fa,3,3.31640625,3
a8dcdb4,3,2.984375,3
c825455,2,2.63671875,3
aac6485,3,3.1640625,3
76b6a48,3,2.91796875,3
da6836e,2,2.0390625,2
ecf45f7,3,2.6953125,3
d39ff4c,2,1.818359375,2
188d7b9,3,2.51953125,2
bd2306a,6,5.6015625,6
5cb6e56,4,3.05078125,3
b78fd4d,3,1.52734375,1
490d612,4,4.09375,4
bea37ee,3,2.97265625,3
01e78c7,2,2.046875,2
74e6cc1,3,3.2109375,3
095042a,2,2.046875,2
55d9189,4,4.5390625,5
5135522,2,2.15234375,2
295777d,3,2.87109375,3
79e3483,4,4.578125,5
ececd6f,4,3.609375,4
3db20b3,3,2.125,2
2b93ab0,2,2.4453125,2
58c1aed,3,2.59375,3
c133921,3,3.65234375,4
1fa88bb,3,3.734375,4
e4c6e3e,1,1.404296875,1
16bf5a2,5,5.171875,5
308a06b,3,2.60546875,3
1679026,3,3.48828125,3
1c7a738,3,4.25,4
7228e60,3,2.90625,3
3a0b1c6,3,2.890625,3
1a6b16e,2,1.6796875,2
bbed051,2,1.5,1
fac278c,4,2.6796875,3
b3c4503,2,2.21484375,2
eb8ed2d,3,4.03515625,4
9db2ecb,2,1.4765625,1
7fb3bdd,4,4.109375,4
707366a,4,3.859375,4
a851540,4,4.0859375,4
983602b,1,1.583984375,1
8120133,2,0.8251953125,1
8590b7f,4,3.73828125,4
21e1fd4,3,3.59375,4
f1cb989,3,2.05078125,2
1675f05,1,1.556640625,1
aa04729,2,3.01171875,3
3142f8d,2,2.08984375,2
e1a65d5,1,1.88671875,2
ac39bfd,2,2.328125,2
6b08619,3,3.21875,3
7ff1ac8,3,2.87109375,3
ee94b0a,4,3.1171875,3
65c9859,2,2.0703125,2
f269b92,4,4.0234375,4
2a3da2b,3,2.87890625,3
a30598b,2,1.404296875,1
8cf48b2,4,4.5546875,5
acd5ada,3,3.98046875,4
fd99f36,3,3.1171875,3
57ad6d4,3,2.640625,3
3743779,2,2.4296875,2
9df9b34,2,1.880859375,2
1a289be,4,2.63671875,3
8b85452,4,4.125,4
5fa2ac3,1,0.9873046875,1
82c4468,3,2.1015625,2
ef6eea5,2,2.109375,2
32d692d,5,5.5625,6
0b488e9,3,2.97265625,3
253a54b,4,3.5703125,4
c29152d,3,2.91015625,3
38aec83,1,1.0234375,1
e7716bf,2,3.0234375,3
2450980,5,4.9765625,5
3514f75,4,4.4296875,4
1b7ce1c,3,3.65234375,4
a94a96e,4,3.3828125,3
a8bd45e,3,2.9453125,3
3902084,3,3.015625,3
50c9675,4,4.40625,4
62faff2,2,2.07421875,2
b627738,4,4.3359375,4
b59e6e2,4,3.46875,3
220b3d6,3,2.15625,2
3259adf,1,1.599609375,1
44d4d56,2,1.92578125,2
f72f3fe,2,1.994140625,2
8f68651,1,1.58984375,1
4d3c72c,4,4.296875,4
6979b76,2,2.27734375,2
2a62a1c,3,3.48828125,3
09d976b,2,2.5078125,2
4b39a5d,2,2.69921875,3
78e7c87,3,3.83203125,4
0f200d8,3,3.375,3
510515d,3,2.90625,3
e710f91,2,2.09765625,2
0b76940,2,1.51171875,1
fd25459,3,2.1171875,2
80f0ce0,3,3.91015625,4
7a7d479,2,2.53515625,2
e9307c9,2,4.4296875,4
f3d0beb,4,4.453125,4
9a9eeae,1,1.62109375,1
27fabca,2,1.0234375,1
9239800,2,1.955078125,2
a3271fe,3,3.25,3
02a1298,2,2.43359375,2
f3fe5c4,3,1.23046875,1
2d65e94,2,2.1875,2
04ec9a4,3,3.9453125,4
1461849,3,3.14453125,3
0fc99a9,3,3.6875,4
c814755,4,4.3046875,4
6f7c6f1,1,0.95703125,1
a59d236,4,3.796875,4
effa881,3,2.53515625,2
2d034c8,3,2.6796875,3
609e29f,2,1.611328125,1
fe449d3,2,1.78515625,2
fc55299,3,2.62109375,3
eb466f4,2,3.30859375,3
d3bc7e7,3,3.26171875,3
001bdc0,4,3.53515625,3
bed3294,4,3.140625,3
891473d,4,4.0546875,4
7ea4012,3,3.00390625,3
7746d26,4,3.62109375,4
84a5c1d,1,1.2265625,1
aa638f4,2,2.41015625,2
639ac54,4,4.2265625,4
2657aa6,3,2.7109375,3
8b33cfe,3,3.0078125,3
8f644c5,3,2.265625,2
c4f232b,2,1.7734375,2
bd855df,2,2.0625,2
03205e9,4,3.16796875,3
1e32873,2,2.2578125,2
7057eb6,1,1.265625,1
dc9afd1,5,4.375,4
b7d7d61,3,3.1640625,3
da4513f,3,2.2421875,2
c07e6a7,4,3.953125,4
d8243a4,3,2.96484375,3
753c3cd,4,4.1015625,4
e17a151,2,2.3671875,2
907adf1,2,2.796875,3
10b6dea,4,4.3359375,4
f79be82,3,2.765625,3
2b48695,3,2.69921875,3
478d872,3,3.54296875,3
640d127,4,3.92578125,4
4d4fce0,2,1.66796875,2
667aec9,1,0.84375,1
ea9f1f5,5,3.3359375,3
f36a168,2,2.14453125,2
aa51a19,4,4.1171875,4
b0dc05f,4,4.5625,5
8a7edd9,2,2.19921875,2
9038586,3,2.99609375,3
722a9e2,3,3.18359375,3
333e608,4,4.25,4
fc58aed,2,1.5,1
4d8fe01,2,2.45703125,2
f08124e,1,0.6494140625,1
1eb4606,2,2.05859375,2
1bb4235,4,3.0625,3
47a50cb,1,1.212890625,1
a718c79,1,1.248046875,1
8827853,2,2.2734375,2
21178bf,3,2.93359375,3
c3b8f1a,4,4.421875,4
6229446,4,3.703125,4
65f6b10,3,4.125,4
bbdbffb,3,2.77734375,3
538bdd5,3,3.05859375,3
12483a7,3,4.140625,4
b94fe27,2,2.625,3
10a0374,4,3.6953125,4
cb32d29,2,2.10546875,2
31be4dc,1,2.8046875,3
876b4c9,3,3.26953125,3
c3e84c6,1,1.482421875,1
5b36e7d,2,2.04296875,2
b72b073,2,2.10546875,2
a0737c2,2,2.421875,2
aa73fcb,4,3.90625,4
9519ec0,2,2.26953125,2
f69e4d6,4,3.62890625,4
2441f8c,3,3.4140625,3
e57b857,4,4.5078125,4
e2130c6,4,4.5703125,5
cfc33b6,3,2.75390625,3
2578fb0,3,2.9453125,3
e1f6a80,2,1.94921875,2
3bf20a4,2,2.19140625,2
4b60d5a,4,3.59375,4
ef49472,4,3.86328125,4
7a2aaa4,4,3.4921875,3
fcd8e92,4,3.12109375,3
4c822ee,5,4.765625,5
1a51b71,4,3.20703125,3
9916173,3,2.119140625,2
2abd742,3,3.51953125,3
bd3ec7d,6,5.0,5
4235b26,2,1.693359375,2
b7d2f72,2,2.046875,2
0adafa7,3,2.5859375,2
46b1195,5,4.3203125,4
cba2be0,3,3.51171875,3
2548fcc,4,4.5390625,5
a44df6f,3,3.2734375,3
aab39bb,2,1.5390625,1
b8b47de,3,2.02734375,2
dd166b0,4,4.1875,4
9d00ea1,1,0.939453125,1
f8ddbae,2,1.9453125,2
c5b1a76,1,0.8974609375,1
772e8cb,4,3.4765625,3
040bb8a,4,4.0859375,4
0dbae6d,2,1.986328125,2
b66fbcb,2,2.11328125,2
ea31ba3,4,3.71484375,4
b3a4a73,3,2.51953125,2
c8d2ca0,3,1.787109375,2
55d3d44,4,3.76171875,4
5338c0c,1,1.908203125,2
c388cf0,4,3.79296875,4
ea0d62c,2,1.978515625,2
b649997,3,2.33984375,2
0f7aadf,3,3.09765625,3
d86e510,2,2.03515625,2
0fc8125,5,4.4453125,4
e83c459,4,2.046875,2
af4293b,3,2.98046875,3
48685c0,3,3.23828125,3
44205c0,1,1.724609375,2
fa1292f,2,2.30078125,2
9ee622a,3,2.2265625,2
476b78f,3,2.625,3
dd908e6,2,2.12109375,2
0760842,3,3.8671875,4
7235637,2,2.71875,3
6e095cc,3,3.9921875,4
1bd5edc,5,5.2890625,5
55459d7,2,2.25,2
7a1ec62,3,2.1796875,2
c68354d,4,4.3359375,4
19a9f1b,3,3.4609375,3
6b78b40,4,4.4296875,4
7690736,4,3.83984375,4
e4386ac,3,3.62109375,4
05b01a4,3,3.2734375,3
dc2f034,1,2.2265625,2
e86b941,1,0.830078125,1
44d0218,5,4.6875,5
00613e3,3,3.23046875,3
fc13e13,2,2.03125,2
0c0463c,5,5.2109375,5
3dce3b5,2,1.947265625,2
cf0d95b,4,3.40234375,3
da01cf3,3,3.25,3
bbc29d5,2,1.3671875,1
435f95e,1,1.9140625,2
f3291c6,2,1.728515625,2
fb9cf79,1,1.171875,1
54d0c9d,3,3.3984375,3
81d1074,2,2.15234375,2
9135e6c,2,2.0859375,2
1721dd2,4,4.28125,4
afea0e5,1,1.16015625,1
efda079,4,3.421875,3
235df70,3,3.44140625,3
23ccdb6,1,1.599609375,1
7616b6a,3,2.296875,2
36f90b3,3,3.2578125,3
65452e6,3,3.25390625,3
9a753b3,2,2.5546875,2
045fec2,3,3.40234375,3
bd15160,3,2.578125,2
9939305,4,3.859375,4
969502c,4,3.66796875,4
084cdc4,2,2.37109375,2
acc9a14,1,1.630859375,2
c22f58f,1,1.798828125,2
a507ced,2,1.6015625,1
76c8528,3,2.4453125,2
421d3f8,3,2.46875,2
b05d10b,2,2.10546875,2
05d73d1,2,2.6484375,3
371fe2f,1,1.265625,1
2a4b0b5,3,3.24609375,3
c77637c,4,2.44140625,2
feddb53,2,2.37890625,2
8c635e6,5,3.98828125,4
2a76a2f,4,4.2578125,4
47de4d6,3,3.87890625,4
2bf6895,3,2.61328125,3
0ce3c1c,3,3.7734375,4
59267c3,2,1.677734375,2
fe37a5a,3,1.1171875,1
b07be40,2,2.15625,2
13ae3c3,3,3.8046875,4
63cc1b2,4,3.48046875,3
54c9a20,4,3.88671875,4
1c2cde0,2,2.79296875,3
4932307,2,1.72265625,2
01f5682,5,4.3828125,4
1b2cd91,4,4.265625,4
f5f56fb,4,4.15625,4
77cc9c1,2,3.01171875,3
6e1af01,4,4.015625,4
9fc7cec,2,2.4375,2
2fb3ec0,3,3.0234375,3
45f9dbf,3,3.015625,3
77147ae,2,2.08984375,2
9c73494,3,3.4453125,3
3440c12,1,2.18359375,2
45c5fcd,3,3.328125,3
3f73eef,3,3.5078125,3
01cbe3d,4,3.5859375,4
221e8a6,2,2.3828125,2
b588d39,4,3.92578125,4
4fbd16d,3,2.59765625,3
e3c54e6,2,2.109375,2
cdf6869,2,1.423828125,1
1f8e649,3,2.08203125,2
318ff17,4,3.50390625,3
f1aac09,4,3.8125,4
1852090,4,3.55078125,4
2fb6d78,3,2.95703125,3
c2fd586,4,4.1953125,4
c406793,3,2.59765625,3
a3d7f12,3,3.2109375,3
ab4cdb9,3,2.76953125,3
93ba20a,1,1.61328125,1
8185666,3,2.296875,2
70e0201,2,2.21484375,2
d461c06,2,2.81640625,3
0e7cbd2,2,2.69921875,3
9139206,4,4.5859375,5
98a232d,4,4.07421875,4
37e71c0,3,2.9765625,3
bb1372d,3,3.01171875,3
77fc59e,4,4.6484375,5
6c18dde,3,2.23828125,2
b5941ec,2,2.068359375,2
82a825d,3,2.58203125,2
3838ceb,3,3.16796875,3
a0c55c2,2,1.544921875,1
cadfa0a,4,4.2109375,4
de30ae1,3,3.515625,3
3538c80,3,3.125,3
4c06862,4,3.0234375,3
1373710,3,2.38671875,2
d71a079,3,2.072265625,2
204f925,3,2.828125,3
19fcf9f,1,2.85546875,3
251aefe,3,2.90625,3
9c2e50e,3,3.9140625,4
0bbaaee,3,2.32421875,2
016ed64,4,3.48046875,3
82830f3,4,4.296875,4
5e9dcb7,3,5.4765625,6
b7a0fc8,4,3.80859375,4
cbd358f,3,2.79296875,3
aef4027,3,3.2578125,3
2ef5d32,2,2.171875,2
f61f4dc,3,3.37109375,3
1ef4021,5,4.7265625,5
e48d00a,3,1.88671875,2
6019930,3,2.953125,3
645d7dd,4,4.2734375,4
f5775fd,1,0.927734375,1
3decaf5,3,2.85546875,3
3038505,3,2.4765625,2
024873e,3,3.58203125,4
cbe879e,4,3.86328125,4
f816fe9,3,2.8828125,3
1c1348d,3,3.6953125,4
5243f77,4,3.2578125,3
383edd4,4,3.27734375,3
18a3ec7,3,3.8671875,4
1cb7062,2,1.853515625,2
27ea74c,4,2.984375,3
b741f16,5,4.234375,4
593324f,2,1.478515625,1
5b9aed4,1,1.705078125,2
2989f37,4,4.1875,4
dd6559d,2,1.779296875,2
bab0037,4,3.5078125,3
535ab94,4,4.109375,4
a988abc,3,2.49609375,2
58d9bb2,3,2.7421875,3
30e1b7b,2,2.2578125,2
b737618,3,2.6875,3
c4d960b,2,2.125,2
10bf544,2,1.494140625,1
f0b3065,4,4.1484375,4
d521177,2,2.41796875,2
26c4ea1,3,3.25,3
9b42220,3,3.625,4
c81e8b2,2,1.8203125,2
7f46464,2,2.076171875,2
eafdbc4,2,2.02734375,2
018ff85,4,4.1328125,4
7689936,4,3.375,3
483dea4,5,4.515625,5
84efabc,3,3.52734375,3
9efdabd,2,1.708984375,2
b05523e,3,2.796875,3
e068d83,2,1.96875,2
0b28ade,3,3.27734375,3
7503043,3,3.45703125,3
2704439,3,3.5703125,4
f46a67c,1,2.4453125,2
203725b,3,3.04296875,3
913b5d3,3,2.6484375,3
57bda04,2,1.78125,2
f08691e,4,3.82421875,4
5c83688,3,3.390625,3
8e53897,2,2.3125,2
78c07e9,4,3.16015625,3
3984b13,2,1.396484375,1
f5fde26,4,3.9609375,4
8f672fc,2,2.078125,2
bc91ba2,2,2.375,2
68c7ab1,4,3.71484375,4
0220c9f,3,2.94140625,3
098c450,2,3.17578125,3
f39c7c2,3,3.16015625,3
acb0383,3,3.13671875,3
7148891,3,2.703125,3
cf6e865,3,3.49609375,3
a6a944c,3,3.19140625,3
b9f20f1,3,3.04296875,3
d5c8caa,4,3.15234375,3
18f3009,3,2.79296875,3
bf92249,3,2.90625,3
aaf980b,3,3.2109375,3
605f34f,2,1.9765625,2
907bf79,2,2.9296875,3
942bd1e,1,0.625,1
c86d82d,3,2.796875,3
5e16b0a,3,3.328125,3
8577b23,4,4.0,4
3bcd12a,3,3.42578125,3
9350c11,4,4.1015625,4
7b9eb4f,3,2.15234375,2
ed082df,3,2.021484375,2
37e0414,3,3.55859375,4
99d442f,2,2.6015625,3
9447934,1,1.314453125,1
cb7e6c4,4,3.91796875,4
70ba307,2,2.06640625,2
d24c645,1,1.205078125,1
5d7a8a8,4,3.52734375,3
09bd6f6,4,3.6484375,4
a892408,2,2.08203125,2
0bb2665,3,3.1328125,3
d52eef1,3,3.15234375,3
77d90e6,3,2.2890625,2
241077a,4,3.1015625,3
013ac83,4,3.3125,3
c3058fe,2,1.017578125,1
f36f542,3,2.59765625,3
0d9d694,3,2.61328125,3
a17b5cc,3,2.4453125,2
38a3f6f,2,1.869140625,2
537ecf0,4,3.01953125,3
d814d86,2,2.6796875,3
b41c329,4,4.28125,4
fafde91,4,3.7421875,4
cb38785,4,4.3828125,4
a19a880,2,2.07421875,2
7c42b99,3,2.8828125,3
3aa696a,2,2.8203125,3
0f789a2,6,4.8671875,5
454d30d,3,3.66015625,4
904a43b,2,2.21875,2
b783ec0,3,3.12109375,3
297c419,3,2.6796875,3
d4dc7a8,4,4.609375,5
28c8ca4,2,2.25390625,2
e630ec3,1,1.12109375,1
2df1285,3,3.4140625,3
cb8c409,3,2.6171875,3
0545b94,3,3.37890625,3
86b876f,2,2.2734375,2
246c075,4,3.2265625,3
d5ba91f,1,0.87109375,1
4e7afdd,2,2.09375,2
d308ccb,4,3.2578125,3
7615f5a,2,2.42578125,2
e366506,2,1.505859375,1
